Title,URL,Published Date,Author,Oct-24 Session,Nov-24 Session,Dec-24 Session,Jan-25 Session,Feb-25 Session,Drop,Top Click Keyword,Search Volume UAE,Avg Rank UAE,Content Refresh,CTR Optimisation,Revised Title,Revised Heading,Revised Description
Top 10 wheat producing countries in the world in 2024,https://economymiddleeast.com/top-wheat-producing-countries-in-the-world/,"Mon 23 Dec 2024, 4:13 PM",Hadi Khatib,0,1,1,3,12,-9 (Jan-25 Session- Feb25 Session),خط قطار الاتحاد,10,-,,,,,
5 digital habits to stay cyber-safe in 2024,https://economymiddleeast.com/digital-habits/,"Mon 23 Dec 2024, 4:08 PM",Elias Al Helou,0,0,0,1,0,1 (Jan-25 Session- Feb25 Session),-,-,-,,,,,
10 Ways to Increase Your Productivity at Work,https://economymiddleeast.com/how-to-increase-your-productivity-at-work/,"Mon 23 Dec 2024, 4:13 PM",Anthon Garcia,0,0,0,0,0,0 (Oct-24 Session- Feb25 Session),-,-,-,,,,,
"How to get Golden Visa in UAE - Application, Requirements, Benefits",https://economymiddleeast.com/how-to-get-a-golden-visa-in-the-uae/,"Fri 17 Jan 2025, 1:58 PM",Staff Writer,0,0,7,8,9,-1 (Jan-25 Session- Feb25 Session),how many public holidays in uae 2024,60,-,,,,,
Understanding gold rates in Dubai,https://economymiddleeast.com/gold-rates-in-dubai/,"Mon 23 Dec 2024, 4:13 PM",Anthon Garcia,0,3,7,5,18,-11 (Dec-24 Session- Feb25 Session),sheikh passed away,40,-,,,,,
UAE corporate tax now in full effect with real estate update,https://economymiddleeast.com/corporate-tax-in-uae-on-real-estate/,"Fri 17 Jan 2025, 12:41 PM",Anthon Garcia,0,0,0,1,0,1 (Jan-25 Session- Feb25 Session),-,-,-,,,,,
Dubai traffic fines: Complete list 2024,https://economymiddleeast.com/dubai-traffic-fines/,"Mon 17 Feb 2025, 1:43 PM",Anthon Garcia,0,149,130,46,60,89 (Nov-24 Session- Feb25 Session),overstay fine in uae,450,-,,,,,
What is Company Culture,https://economymiddleeast.com/what-is-company-culture/,"Tue 18 Feb 2025, 4:02 PM",Anthon Garcia,0,0,0,0,0,0 (Oct-24 Session- Feb25 Session),الدهب,90,-,,,,,
How to check iqama expiry in Saudi Arabia in 2025,https://economymiddleeast.com/how-to-check-saudi-iqama-status/,"Fri 17 Jan 2025, 1:55 PM",Anthon Garcia,0,413,1287,785,548,739 (Dec-24 Session- Feb25 Session),most tourist visited countries,70,-,,,,,
The gig economy: is it right for you?,https://economymiddleeast.com/what-is-gig-economy/,"Mon 23 Dec 2024, 4:13 PM",Anthon Garcia,0,0,0,1,0,1 (Jan-25 Session- Feb25 Session),-,-,-,,,,,
Check UAE visa status: Quick and easy ways in 2025,https://economymiddleeast.com/uae-visa-status-check/,"Mon 13 Jan 2025, 5:11 PM",Anthon Garcia,0,7,14,5,67,-53 (Dec-24 Session- Feb25 Session),id fine check uae,150,-,,,,,
Investing in real estate? Here are great ideas to get you started,https://economymiddleeast.com/how-to-invest-in-uae-real-estate/,"Mon 23 Dec 2024, 4:13 PM",Anthon Garcia,0,0,1,0,0,1 (Dec-24 Session- Feb25 Session),public holiday dubai,50,-,,,,,
How to calculate gratuity in UAE in 2025?,https://economymiddleeast.com/how-to-calculate-uae-gratuity/,"Fri 17 Jan 2025, 1:27 PM",Anthon Garcia,0,295,674,735,798,-63 (Jan-25 Session- Feb25 Session),how to compute gratuity,400,-,,,,,
Annual leaves in the UAE: everything you should know about,https://economymiddleeast.com/annual-leave-uae/,"Mon 23 Dec 2024, 4:13 PM",Anthon Garcia,0,0,14,4,45,-31 (Dec-24 Session- Feb25 Session),gold rate this week in uae,70,-,,,,,
How to make money online in the UAE,https://economymiddleeast.com/how-to-make-money-online-in-the-uae/,"Fri 14 Mar 2025, 11:15 AM",Anthon Garcia,0,0,0,0,1,-1 (Oct-24 Session- Feb25 Session),balance check hafilat,500,-,,,,,
Top UAE investment opportunities in 2024,https://economymiddleeast.com/best-investments-in-uae/,"Mon 23 Dec 2024, 4:05 PM",Anthon Garcia,0,2,11,2,24,-13 (Dec-24 Session- Feb25 Session),uae job seeker visa,1200,-,,,,,
Growing appetite for plant-based diets,https://economymiddleeast.com/what-is-plant-based-diet/,"Mon 23 Dec 2024, 4:13 PM",Anthon Garcia,0,0,0,0,0,0 (Oct-24 Session- Feb25 Session),-,-,-,,,,,
Riyadh Expo 2030 masterplan revealed,https://economymiddleeast.com/riyadh-expo-2030-masterplan-revealed/,"Mon 23 Dec 2024, 4:13 PM",Anthon Garcia,0,0,1,1,7,-6 (Dec-24 Session- Feb25 Session),-,-,-,,,,,
Most in-demand jobs in the UAE,https://economymiddleeast.com/most-in-demand-jobs-in-the-uae/,"Thu 30 Jan 2025, 2:26 PM",Anthon Garcia,0,0,0,1,3,-2 (Jan-25 Session- Feb25 Session),second hand rolex dubai,20,-,,,,,
How to start a business in Dubai,https://economymiddleeast.com/how-to-start-a-business-in-dubai/,"Mon 23 Dec 2024, 4:13 PM",Anthon Garcia,0,0,0,0,0,0 (Oct-24 Session- Feb25 Session),-,-,-,,,,,
Most demanded jobs in Saudi Arabia in 2024,https://economymiddleeast.com/most-in-demand-jobs-in-saudi-arabia/,"Tue 18 Feb 2025, 10:25 AM",Anthon Garcia,0,126,274,219,215,59 (Dec-24 Session- Feb25 Session),رئيس ادنوك,10,-,,,,,
Top reasons why the UAE is a leading business hub,https://economymiddleeast.com/top-reasons-why-the-uae-is-business-friendly/,"Mon 23 Dec 2024, 4:13 PM",Anthon Garcia,0,0,2,3,2,1 (Jan-25 Session- Feb25 Session),-,-,-,,,,,
Saudi business setup guide,https://economymiddleeast.com/saudi-business-setup-guide/,"Mon 23 Dec 2024, 4:13 PM",Anthon Garcia,0,1,5,0,3,2 (Dec-24 Session- Feb25 Session),dubai metro tourist pass,30,-,,,,,
Guide to funding for SMEs in the UAE,https://economymiddleeast.com/guide-to-funding-for-smes-in-the-uae/,"Mon 23 Dec 2024, 4:13 PM",Anthon Garcia,0,0,3,0,8,-5 (Dec-24 Session- Feb25 Session),ramadan timings uae private sector,100,-,,,,,
Using social media influencers to grow your business,https://economymiddleeast.com/social-media-influencers-to-grow-your-business/,"Mon 23 Dec 2024, 4:13 PM",Anthon Garcia,0,0,0,0,0,0 (Oct-24 Session- Feb25 Session),-,-,-,,,,,
Top UAE businesses opportunities you should know,https://economymiddleeast.com/top-uae-businesses-opportunities/,"Mon 23 Dec 2024, 4:13 PM",Anthon Garcia,0,0,0,0,1,-1 (Oct-24 Session- Feb25 Session),wine price in dubai,60,-,,,,,
Saudi business opportunities: An essential guide,https://economymiddleeast.com/saudi-arabia-business-opportunities/,"Mon 23 Dec 2024, 4:13 PM",Anthon Garcia,0,0,2,2,2,0 (Dec-24 Session- Feb25 Session),-,-,-,,,,,
World's most populous countries revealed,https://economymiddleeast.com/worlds-most-populous-countries-revealed/,"Mon 23 Dec 2024, 4:13 PM",Anthon Garcia,0,0,0,0,1,-1 (Oct-24 Session- Feb25 Session),etihad call center abu dhabi,-,-,,,,,
AI and chatbot trends to follow,https://economymiddleeast.com/ai-and-chatbot-trends-to-follow/,"Mon 23 Dec 2024, 4:13 PM",Anthon Garcia,0,0,0,0,0,0 (Oct-24 Session- Feb25 Session),-,-,-,,,,,
How to increase footfall during lean seasons,https://economymiddleeast.com/how-to-increase-footfall-during-lean-seasons/,"Mon 23 Dec 2024, 4:13 PM",Anthon Garcia,0,0,2,0,1,1 (Dec-24 Session- Feb25 Session),-,-,-,,,,,
How to start a business with minimal investment,https://economymiddleeast.com/how-to-start-a-business-with-minimal-investment/,"Mon 23 Dec 2024, 4:13 PM",Anthon Garcia,0,0,0,0,0,0 (Oct-24 Session- Feb25 Session),-,-,-,,,,,
Schengen visa for UAE residents: A comprehensive guide for 2024,https://economymiddleeast.com/schengen-visa-guide-for-uae-residents/,"Mon 23 Dec 2024, 4:02 PM",Anthon Garcia,0,255,562,632,337,295 (Jan-25 Session- Feb25 Session),tin number uae,200,-,,,,,
How to start a fintech business in Dubai,https://economymiddleeast.com/how-to-start-a-fintech-business-in-dubai/,"Mon 23 Dec 2024, 4:13 PM",Anthon Garcia,0,0,0,0,3,-3 (Oct-24 Session- Feb25 Session),-,-,-,,,,,
Emiratization in the UAE explained,https://economymiddleeast.com/emiratization-in-the-uae-explained/,"Mon 23 Dec 2024, 4:13 PM",Anthon Garcia,0,5,10,14,26,-12 (Jan-25 Session- Feb25 Session),how to pay traffic fines in dubai,100,-,,,,,
UAE passport among world's most powerful in 2023,https://economymiddleeast.com/uae-passport-among-worlds-most-powerful-in-2023/,"Mon 23 Dec 2024, 4:13 PM",Anthon Garcia,0,0,0,0,0,0 (Oct-24 Session- Feb25 Session),chatgpt uae,0,-,,,,,
Guide to citizenship by investment programs,https://economymiddleeast.com/guide-to-citizenship-by-investment-programs/,"Fri 14 Mar 2025, 11:27 AM",Anthon Garcia,0,0,0,1,2,-1 (Jan-25 Session- Feb25 Session),abu dhabi traffic fine inquiry plate,90,-,,,,,
How to join the metaverse,https://economymiddleeast.com/how-to-join-the-metaverse/,"Mon 23 Dec 2024, 4:13 PM",Anthon Garcia,0,0,0,0,0,0 (Oct-24 Session- Feb25 Session),-,-,-,,,,,
Benefits of UAE driving license and countries that recognize It,https://economymiddleeast.com/uae-drivers-license-benefits-and-countries-that-recognize-it/,"Mon 23 Dec 2024, 4:09 PM",Anthon Garcia,0,16,47,81,86,-5 (Jan-25 Session- Feb25 Session),uae long weekend 2024,50,-,,,,,
Guide to retiring in the UAE,https://economymiddleeast.com/guide-to-retiring-in-the-uae/,"Mon 23 Dec 2024, 4:09 PM",Anthon Garcia,0,0,1,0,0,1 (Dec-24 Session- Feb25 Session),-,-,-,,,,,
How to register a trademark in Dubai,https://economymiddleeast.com/how-to-register-a-trademark-in-dubai/,"Mon 23 Dec 2024, 4:09 PM",Anthon Garcia,0,0,0,0,0,0 (Oct-24 Session- Feb25 Session),american international school khda rating,20,-,,,,,
The impact of AI on the job market in the region,https://economymiddleeast.com/impact-of-ai/,"Mon 23 Dec 2024, 4:09 PM",Anthon Garcia,0,2,2,6,7,-1 (Jan-25 Session- Feb25 Session),-,-,-,,,,,
Get more out of your Emirates ID,https://economymiddleeast.com/get-more-out-of-your-emirates-id/,"Mon 23 Dec 2024, 4:09 PM",Anthon Garcia,0,0,0,0,0,0 (Oct-24 Session- Feb25 Session),adx uae,150,-,,,,,
Job hunting in the UAE,https://economymiddleeast.com/job-hunting-in-the-uae/,"Fri 14 Mar 2025, 11:15 AM",Anthon Garcia,0,0,1,0,0,1 (Dec-24 Session- Feb25 Session),whiskey brands in uae,100,-,,,,,
Must-attend business events in the UAE,https://economymiddleeast.com/business-events-in-uae/,"Mon 23 Dec 2024, 4:09 PM",Anthon Garcia,0,3,2,0,5,-2 (Nov-24 Session- Feb25 Session),how to check uae overstay fine,20,-,,,,,
How to start an Airbnb business in the UAE,https://economymiddleeast.com/how-to-start-airbnb-business-in-the-uae/,"Tue 18 Feb 2025, 10:06 AM",Anthon Garcia,0,2,3,4,10,-6 (Jan-25 Session- Feb25 Session),dubai police fine payable with license,100,-,,,,,
Top international schools in Dubai,https://economymiddleeast.com/top-international-schools-in-dubai/,"Mon 23 Dec 2024, 4:09 PM",Anthon Garcia,0,0,1,0,1,0 (Dec-24 Session- Feb25 Session),gratuity calculation in uae labour law,80,-,,,,,
Content marketing tips for small businesses,https://economymiddleeast.com/content-marketing-tips-for-small-businesses/,"Mon 23 Dec 2024, 4:09 PM",Anthon Garcia,0,0,0,0,0,0 (Oct-24 Session- Feb25 Session),-,-,-,,,,,
Top international schools in Abu Dhabi,https://economymiddleeast.com/top-international-schools-in-abu-dhabi/,"Mon 23 Dec 2024, 4:09 PM",Anthon Garcia,0,2,2,5,6,-1 (Jan-25 Session- Feb25 Session),sharjah fine check online,90,-,,,,,
What the future of retail looks like in the UAE,https://economymiddleeast.com/what-the-future-of-retail-looks-like-in-the-uae/,"Mon 23 Dec 2024, 4:09 PM",Anthon Garcia,0,0,2,1,14,-12 (Dec-24 Session- Feb25 Session),4 black points abu dhabi,10,-,,,,,
Impact of women on business,https://economymiddleeast.com/impact-of-women-on-business/,"Mon 23 Dec 2024, 4:09 PM",Anthon Garcia,0,1,1,0,0,1 (Nov-24 Session- Feb25 Session),-,-,-,,,,,
Saudi AI initiatives you should know about,https://economymiddleeast.com/saudi-ai-initiatives-you-should-know-about/,"Mon 23 Dec 2024, 4:09 PM",Anthon Garcia,0,0,0,1,5,-4 (Jan-25 Session- Feb25 Session),-,-,-,,,,,
Top international schools in Riyadh,https://economymiddleeast.com/top-international-schools-in-riyadh/,"Fri 17 Jan 2025, 3:26 PM",Anthon Garcia,0,25,114,71,95,19 (Dec-24 Session- Feb25 Session),red light fine uae,20,-,,,,,
Unicorns in the Middle East,https://economymiddleeast.com/unicorns-in-the-middle-east/,"Mon 23 Dec 2024, 4:09 PM",Anthon Garcia,0,11,18,16,38,-20 (Dec-24 Session- Feb25 Session),-,-,-,,,,,
Upcoming attractions in Saudi worth waiting for,https://economymiddleeast.com/upcoming-attractions-in-saudi-worth-waiting-for/,"Mon 23 Dec 2024, 4:09 PM",Anthon Garcia,0,0,0,0,0,0 (Oct-24 Session- Feb25 Session),efg hermes uae,10,-,,,,,
UAE visa free countries: Travel to the UAE without a visa from 82 countries in 2024,https://economymiddleeast.com/visa-free-travel-to-the-uae/,"Mon 23 Dec 2024, 4:02 PM",Anthon Garcia,0,52,456,115,291,165 (Dec-24 Session- Feb25 Session),labour card information mohre,150,-,,,,,
How to get a Saudi Arabia e-visa in 2025,https://economymiddleeast.com/how-to-get-saudi-arabia-e-visa/,"Fri 17 Jan 2025, 2:08 PM",Anthon Garcia,0,0,1,0,1,0 (Dec-24 Session- Feb25 Session),top 10 companies in world,80,-,,,,,
How to recruit and retain top talent in the UAE,https://economymiddleeast.com/how-to-recruit-and-retain-top-talent-in-the-uae/,"Mon 23 Dec 2024, 4:09 PM",Anthon Garcia,0,0,0,0,0,0 (Oct-24 Session- Feb25 Session),-,-,-,,,,,
Startup incubation programs in Qatar,https://economymiddleeast.com/qatar-startup-incubators/,"Tue 18 Feb 2025, 9:04 AM",Anthon Garcia,0,1,5,6,15,-9 (Jan-25 Session- Feb25 Session),-,-,-,,,,,
How to secure your online privacy,https://economymiddleeast.com/how-to-secure-your-online-privacy/,"Mon 17 Feb 2025, 6:41 PM",Anthon Garcia,0,0,0,0,0,0 (Oct-24 Session- Feb25 Session),-,-,-,,,,,
How to get a UAE visa without a job or business,https://economymiddleeast.com/uae-visas-for-expats-looking-to-stay-without-a-job-or-business/,"Tue 18 Feb 2025, 3:56 PM",Anthon Garcia,0,1,0,1,0,1 (Nov-24 Session- Feb25 Session),-,-,-,,,,,
Top tips for early retirement savings and investments,https://economymiddleeast.com/top-tips-for-early-retirement-savings-and-investments/,"Mon 23 Dec 2024, 4:08 PM",Anthon Garcia,0,0,0,0,0,0 (Oct-24 Session- Feb25 Session),-,-,-,,,,,
"Rise of shop now, pay later schemes in the Middle East",https://economymiddleeast.com/buy-now-pay-later-in-uae/,"Mon 23 Dec 2024, 4:08 PM",Anthon Garcia,0,0,0,2,0,2 (Jan-25 Session- Feb25 Session),dubai creek fireworks,30,-,,,,,
How to open a virtual office in Dubai,https://economymiddleeast.com/how-to-open-a-virtual-office-in-dubai/,"Mon 23 Dec 2024, 4:08 PM",Anthon Garcia,0,0,3,1,2,1 (Dec-24 Session- Feb25 Session),best place to visit from dubai,40,-,,,,,
Economy Middle East: Biggest IPOs in the region,https://economymiddleeast.com/economy-middle-east-biggest-ipos-in-the-region/,"Mon 23 Dec 2024, 4:08 PM",Anthon Garcia,0,1,0,1,3,-2 (Nov-24 Session- Feb25 Session),-,-,-,,,,,
Economy Middle East Guide: Regulated crypto exchanges,https://economymiddleeast.com/economy-middle-east-guide-regulated-crypto-exchanges/,"Mon 23 Dec 2024, 4:08 PM",Anthon Garcia,0,0,0,0,0,0 (Oct-24 Session- Feb25 Session),-,-,-,,,,,
Economy Middle East Tips: Accounting Software for SMEs,https://economymiddleeast.com/economy-middle-east-tips-accounting-software-for-smes/,"Mon 23 Dec 2024, 4:08 PM",Anthon Garcia,0,0,0,0,0,0 (Oct-24 Session- Feb25 Session),-,-,-,,,,,
Economy Middle East Tips: Relocating to the UAE,https://economymiddleeast.com/economy-middle-east-tips-relocating-to-the-uae/,"Mon 23 Dec 2024, 4:08 PM",Anthon Garcia,0,0,0,0,0,0 (Oct-24 Session- Feb25 Session),-,-,-,,,,,
Economy Middle East: Cloud Kitchen Business Setup Guide,https://economymiddleeast.com/how-to-start-a-cloud-kitchen-in-dubai/,"Mon 23 Dec 2024, 4:08 PM",Anthon Garcia,0,2,3,0,0,3 (Dec-24 Session- Feb25 Session),esports uae,2000,-,,,,,
Middle East Economy Guide: Most expensive villas sold in Dubai,https://economymiddleeast.com/middle-east-economy-guide-most-expensive-villas-sold-in-dubai/,"Mon 23 Dec 2024, 4:08 PM",Anthon Garcia,0,0,3,2,3,0 (Dec-24 Session- Feb25 Session),dubai schools rating,50,-,,,,,
Why monetize content on social media: Shopping in the digital age,https://economymiddleeast.com/why-monetize-content-on-social-media-shopping-in-the-digital-age/,"Mon 23 Dec 2024, 4:08 PM",Anthon Garcia,0,0,3,0,0,3 (Dec-24 Session- Feb25 Session),-,-,-,,,,,
How to open a business bank account in Dubai,https://economymiddleeast.com/how-to-open-a-business-bank-account-in-dubai/,"Mon 23 Dec 2024, 4:08 PM",Anthon Garcia,0,1,3,0,1,2 (Dec-24 Session- Feb25 Session),visa status check by passport number uae,50,-,,,,,
How to convince a venture capitalist to invest in your business,https://economymiddleeast.com/how-to-convince-a-venture-capitalist-to-invest-in-your-business/,"Mon 23 Dec 2024, 4:08 PM",Anthon Garcia,0,0,0,0,0,0 (Oct-24 Session- Feb25 Session),-,-,-,,,,,
All you need to know: UAE rankings in top international indices,https://economymiddleeast.com/all-you-need-to-know-uae-rankings-in-top-international-indices/,"Fri 14 Mar 2025, 11:11 AM",Anthon Garcia,0,4,2,0,2,2 (Nov-24 Session- Feb25 Session),gratuity calculater,20,-,,,,,
Guide to understanding UAE corporate tax relief,https://economymiddleeast.com/guide-to-understanding-uae-corporate-tax-relief/,"Mon 23 Dec 2024, 4:08 PM",Anthon Garcia,0,0,0,0,0,0 (Oct-24 Session- Feb25 Session),-,-,-,,,,,
10 best AI website builders and generators in 2025,https://economymiddleeast.com/best-ai-website-builders-and-generators/,"Tue 7 Jan 2025, 4:46 PM",Anthon Garcia,0,2,6,2,3,3 (Dec-24 Session- Feb25 Session),-,-,-,,,,,
How businesses benefit from immersive technologies,https://economymiddleeast.com/how-businesses-benefit-from-immersive-technologies/,"Mon 23 Dec 2024, 4:08 PM",Anthon Garcia,0,0,2,0,2,0 (Dec-24 Session- Feb25 Session),-,-,-,,,,,
UAE Flag Day Celebration 2023,https://economymiddleeast.com/uae-flag-day-celebrations/,"Mon 23 Dec 2024, 4:08 PM",Anthon Garcia,0,12,5,1,3,9 (Nov-24 Session- Feb25 Session),busiest airport,50,-,,,,,
10 Essential Qualities for a CEO,https://economymiddleeast.com/qualities-of-a-ceo/,"Mon 23 Dec 2024, 4:08 PM",Anthon Garcia,0,1,0,0,7,-6 (Nov-24 Session- Feb25 Session),-,-,-,,,,,
Economy Middle East Guide: Most expensive buildings in the world,https://economymiddleeast.com/most-expensive-buildings-constructed/,"Mon 23 Dec 2024, 4:08 PM",Anthon Garcia,0,0,2,1,1,1 (Dec-24 Session- Feb25 Session),uae 2024 holiday,100,-,,,,,
Saudi edtech startups leading innovation in education,https://economymiddleeast.com/edtech-startups-in-saudi-arabia/,"Mon 23 Dec 2024, 4:08 PM",Anthon Garcia,0,0,3,4,4,0 (Jan-25 Session- Feb25 Session),-,-,-,,,,,
6 ways to improve your business with brand positioning,https://economymiddleeast.com/6-ways-to-improve-your-business-with-brand-positioning/,"Mon 23 Dec 2024, 4:08 PM",Anthon Garcia,0,0,0,0,0,0 (Oct-24 Session- Feb25 Session),-,-,-,,,,,
Expanding businesses: How to add activities to a UAE trade license,https://economymiddleeast.com/how-to-add-activities-to-uae-trade-license/,"Mon 17 Feb 2025, 6:18 PM",Anthon Garcia,0,0,0,1,0,1 (Jan-25 Session- Feb25 Session),مشاريع صغيرة في الامارات,200,-,,,,,
What you need to know about Unified Schengen-Style GCC Visa and its economic influence on the region,https://economymiddleeast.com/what-you-need-to-know-about-unified-schengen-style-gcc-visa-and-its-economic-influence-on-the-region/,"Tue 18 Feb 2025, 4:06 PM",Libbie Burtinshaw,0,0,2,0,43,-41 (Dec-24 Session- Feb25 Session),petrol chip adnoc,30,-,,,,,
Want to sponsor your family in Dubai? Here‚Äôs a quick guide,https://economymiddleeast.com/want-to-sponsor-your-family-in-dubai-heres-a-quick-guide/,"Mon 23 Dec 2024, 4:08 PM",Anthon Garcia,0,0,0,0,0,0 (Oct-24 Session- Feb25 Session),يوم برايم امازون,0,-,,,,,
Redefining luxury with the most expensive hotels built in the UAE,https://economymiddleeast.com/most-expensive-hotels-built-in-uae/,"Mon 23 Dec 2024, 4:08 PM",Anthon Garcia,0,2,6,6,15,-9 (Dec-24 Session- Feb25 Session),dsf end date,50,-,,,,,
Economy Middle East Guide: UAE public holidays in 2024,https://economymiddleeast.com/uae-public-holidays-next-year/,"Mon 23 Dec 2024, 4:08 PM",Anthon Garcia,0,1,1,1,1,0 (Nov-24 Session- Feb25 Session),متى عيد الاتحاد الاماراتي,50,-,,,,,
"Economy Middle East Guide: UAE Pass benefits, features and more",https://economymiddleeast.com/uae-pass-registration-and-benefits/,"Mon 23 Dec 2024, 4:08 PM",Anthon Garcia,0,0,0,0,3,-3 (Oct-24 Session- Feb25 Session),gdrfa visa validity check,30,-,,,,,
Arabic language learning apps you need to know,https://economymiddleeast.com/arabic-language-learning-apps/,"Mon 23 Dec 2024, 4:08 PM",Anthon Garcia,0,20,30,10,12,18 (Dec-24 Session- Feb25 Session),مشروع خور دبي,80,-,,,,,
Economy Middle East Guide: How to submit VAT in UAE,https://economymiddleeast.com/how-to-submit-vat-return-uae/,"Mon 23 Dec 2024, 4:08 PM",Anthon Garcia,0,0,0,0,0,0 (Oct-24 Session- Feb25 Session),-,-,-,,,,,
Economy Middle East Guide: Navigating UAE visa cancellation,https://economymiddleeast.com/uae-employment-visa-cancellation/,"Mon 23 Dec 2024, 4:08 PM",Anthon Garcia,0,10,16,12,40,-24 (Dec-24 Session- Feb25 Session),eid holiday 2024,150,-,,,,,
"GenAI, sustainable tech and more: Emerging technology trends",https://economymiddleeast.com/emerging-technology-trends/,"Mon 23 Dec 2024, 4:08 PM",Anthon Garcia,0,0,3,0,0,3 (Dec-24 Session- Feb25 Session),how to check visa stamping status,10,-,,,,,
How to get started with ChatGPT: A guide for beginners,https://economymiddleeast.com/how-to-use-chatgpt-for-beginner/,"Mon 23 Dec 2024, 4:08 PM",Anthon Garcia,0,0,0,0,0,0 (Oct-24 Session- Feb25 Session),-,-,-,,,,,
Gold investment: Pros and cons guide to investing in gold in 2024,https://economymiddleeast.com/gold-investment-pros-cons/,"Mon 23 Dec 2024, 4:08 PM",Anthon Garcia,0,48,109,97,110,-1 (Dec-24 Session- Feb25 Session),over stay in uae,60,-,,,,,
Top international schools in Qatar,https://economymiddleeast.com/top-international-schools-in-qatar/,"Mon 23 Dec 2024, 4:08 PM",Anthon Garcia,0,11,24,20,35,-11 (Dec-24 Session- Feb25 Session),iloe app,40,-,,,,,
How to get a gold trading license in Dubai,https://economymiddleeast.com/gold-trading-license-dubai/,"Mon 23 Dec 2024, 4:08 PM",Anthon Garcia,0,5,6,0,3,3 (Dec-24 Session- Feb25 Session),oman visa for uae residents by road cost,60,-,,,,,
Biggest renewable energy projects in the Middle East,https://economymiddleeast.com/biggest-renewable-energy-projects-middle-east/,"Mon 23 Dec 2024, 4:08 PM",Anthon Garcia,0,5,16,16,18,-2 (Dec-24 Session- Feb25 Session),dubai driving license valid countries,30,-,,,,,
10 essential tips to prevent employee burnout,https://economymiddleeast.com/tips-to-avoid-employee-burnout/,"Mon 23 Dec 2024, 4:08 PM",Anthon Garcia,0,0,1,0,0,1 (Dec-24 Session- Feb25 Session),-,-,-,,,,,
Workers unsubscribed to UAE unemployment insurance face fines,https://economymiddleeast.com/uae-unemployment-insurance-fines/,"Tue 18 Feb 2025, 3:56 PM",Anthon Garcia,0,0,0,0,0,0 (Oct-24 Session- Feb25 Session),new traffic fines dubai,30,-,,,,,
UAE unemployment insurance - What is ILOE?,https://economymiddleeast.com/unemployment-insurance-in-uae/,"Mon 23 Dec 2024, 4:08 PM",Anthon Garcia,0,3,2,5,16,-11 (Jan-25 Session- Feb25 Session),مشروع بني ياس شمال السكني,100,-,,,,,
Why visit Global Village in Dubai,https://economymiddleeast.com/why-visit-global-village-dubai/,"Mon 23 Dec 2024, 4:08 PM",Anthon Garcia,0,12,0,0,14,-2 (Nov-24 Session- Feb25 Session),muharram in uae,40,-,,,,,
How to monetize your content on Instagram,https://economymiddleeast.com/how-to-monetize-instagram/,"Mon 23 Dec 2024, 4:08 PM",Anthon Garcia,0,2,26,138,152,-14 (Jan-25 Session- Feb25 Session),abu dhabi traffic fine rules,200,-,,,,,
UAE tourist visa requirements and process in 2025,https://economymiddleeast.com/uae-tourist-visa-requirement-process/,"Tue 18 Feb 2025, 3:56 PM",Anthon Garcia,0,1,2,4,32,-28 (Jan-25 Session- Feb25 Session),temporary work permit mohre,150,-,,,,,
10 must-see UNESCO World Heritage Sites in the Middle East,https://economymiddleeast.com/unesco-world-heritage-sites-middle-east/,"Mon 23 Dec 2024, 4:08 PM",Anthon Garcia,0,11,32,18,27,5 (Dec-24 Session- Feb25 Session),japan online visa for uae residents,70,-,,,,,
What is a RERA rent calculator and how to use It?,https://economymiddleeast.com/what-is-rera-calculator/,"Mon 23 Dec 2024, 4:08 PM",Anthon Garcia,0,1,6,5,6,0 (Dec-24 Session- Feb25 Session),how to check fines on my emirates id,500,-,,,,,
How to invest in the stock market,https://economymiddleeast.com/how-to-invest-in-the-stock-market/,"Mon 17 Feb 2025, 6:41 PM",Anthon Garcia,0,0,0,0,0,0 (Oct-24 Session- Feb25 Session),hsbc oman online banking,600,-,,,,,
What is crypto market cap?,https://economymiddleeast.com/what-is-crypto-market-cap/,"Mon 23 Dec 2024, 4:08 PM",Anthon Garcia,0,0,0,0,0,0 (Oct-24 Session- Feb25 Session),why dubai real estate,80,-,,,,,
Abu Dhabi traffic fines guide 2024,https://economymiddleeast.com/abu-dhabi-traffic-fines/,"Mon 17 Feb 2025, 10:44 AM",Anthon Garcia,0,171,526,444,881,-355 (Dec-24 Session- Feb25 Session),dubai fine discount,3200,-,,,,,
UAE salary check: How to do it in 2025,https://economymiddleeast.com/how-to-check-salary-uae/,"Mon 17 Feb 2025, 6:40 PM",Anthon Garcia,0,60,340,349,1083,-734 (Jan-25 Session- Feb25 Session),dubai salary check,600,-,,,,,
Overstay fine in UAE: A guide for 2024,https://economymiddleeast.com/overstay-fine-uae/,"Tue 18 Feb 2025, 3:42 PM",Anthon Garcia,0,280,982,517,320,662 (Dec-24 Session- Feb25 Session),neom city master plan,200,-,,,,,
How to check CIBIL score,https://economymiddleeast.com/how-to-check-cibil-score/,"Mon 23 Dec 2024, 4:08 PM",Anthon Garcia,0,0,2,4,3,1 (Jan-25 Session- Feb25 Session),new construction projects in uae,80,-,,,,,
How to apply for a digital nomad visa in Dubai,https://economymiddleeast.com/dubai-digital-nomad-visa/,"Mon 23 Dec 2024, 4:08 PM",Anthon Garcia,0,0,3,0,3,0 (Dec-24 Session- Feb25 Session),travel ban check dubai,60,-,,,,,
How to get UAE permanent residency in 2024,https://economymiddleeast.com/uae-permanent-residency-visa/,"Tue 18 Feb 2025, 3:55 PM",Anthon Garcia,0,84,293,205,371,-78 (Dec-24 Session- Feb25 Session),amira sajwani husband,70,-,,,,,
How to calculate your business‚Äô year-over-year growth,https://economymiddleeast.com/how-to-calculate-year-over-year-growth/,"Mon 23 Dec 2024, 4:08 PM",Anthon Garcia,0,2,8,2,12,-4 (Dec-24 Session- Feb25 Session),emirates nbd trade license update,30,-,,,,,
How to use ChatGPT for business growth,https://economymiddleeast.com/how-to-use-chatgpt-for-business-growth/,"Mon 23 Dec 2024, 4:08 PM",Anthon Garcia,0,0,0,0,0,0 (Oct-24 Session- Feb25 Session),-,-,-,,,,,
Tesla vs BYD: Comparative analysis of two electric automotive giants,https://economymiddleeast.com/tesla-vs-china-byd/,"Mon 23 Dec 2024, 4:08 PM",Anthon Garcia,0,61,157,144,496,-339 (Dec-24 Session- Feb25 Session),healthiest country in the world,150,-,,,,,
"Outstanding private schools in Dubai, according to KHDA",https://economymiddleeast.com/outstanding-schools-dubai-khda/,"Mon 23 Dec 2024, 4:08 PM",Anthon Garcia,0,26,39,46,109,-63 (Jan-25 Session- Feb25 Session),wps salary check,250,-,,,,,
Saxo Bank: Understanding crude oil dynamics as 2024 gets underway,https://economymiddleeast.com/understanding-crude-oil-dynamics/,"Mon 23 Dec 2024, 4:08 PM",Ole Hansen,0,0,0,0,0,0 (Oct-24 Session- Feb25 Session),-,-,-,,,,,
Top gold-producing countries in the world,https://economymiddleeast.com/top-gold-producer-countries/,"Fri 17 Jan 2025, 3:17 PM",Anthon Garcia,0,11,19,14,43,-24 (Dec-24 Session- Feb25 Session),dubai fine check emirates id,40,-,,,,,
What is forex trading and how does it work?,https://economymiddleeast.com/what-is-forex-trading-and-how-does-it-work/,"Mon 13 Jan 2025, 12:47 PM",Anthon Garcia,0,3,8,12,9,3 (Jan-25 Session- Feb25 Session),dubai metro expansion plan,800,-,,,,,
Ramadan calendar 2024,https://economymiddleeast.com/uae-ramadan-calendar/,,,0,3,2,3,0,3 (Nov-24 Session- Feb25 Session),uae national day theme 2023,0,-,,,,,
What is Saudi premium residency visa?,https://economymiddleeast.com/saudi-arabia-premium-residency-visas/,"Tue 18 Feb 2025, 3:45 PM",,0,3,19,12,36,-17 (Dec-24 Session- Feb25 Session),uae new year fireworks,150,-,,,,,
"Navigating the new year: Freelancers, small businesses and the corporate tax law",https://economymiddleeast.com/uae-corporate-tax-law/,"Mon 23 Dec 2024, 4:08 PM",,0,3,4,3,5,-1 (Dec-24 Session- Feb25 Session),hsbc auto loans,10,-,,,,,
Real estate trends in 2024: A pivotal year for the built environment,https://economymiddleeast.com/real-estate-trends/,"Mon 23 Dec 2024, 4:08 PM",,0,0,2,3,8,-5 (Jan-25 Session- Feb25 Session),رخصة القيادة الإلكترونية دبي,30,-,,,,,
Dubai‚Äôs affordable real estate attracts more buyers in H2 2023,https://economymiddleeast.com/dubai-affordable-real-estate/,"Mon 23 Dec 2024, 4:08 PM",,0,1,1,0,0,1 (Nov-24 Session- Feb25 Session),-,-,-,,,,,
What are 'No Objection Certificates' (NOC) &amp; their benefits in the UAE?,https://economymiddleeast.com/what-is-noc-and-uae-benefits/,"Fri 10 Jan 2025, 9:36 AM",,0,0,4,0,4,0 (Dec-24 Session- Feb25 Session),solar eclipse time in dubai today,30,-,,,,,
How to sponsor your parents to come to the UAE,https://economymiddleeast.com/how-to-sponsor-parents-visa-uae/,"Fri 17 Jan 2025, 2:27 PM",,0,9,27,22,73,-46 (Dec-24 Session- Feb25 Session),ratibi prepaid card,350,-,,,,,
Top oil-producing countries in the world,https://economymiddleeast.com/top-oil-producer-countries/,"Tue 18 Feb 2025, 3:53 PM",,0,3,11,21,37,-16 (Jan-25 Session- Feb25 Session),does global village have wifi,10,-,,,,,
10 largest economies in MENA,https://economymiddleeast.com/biggest-economies-mena/,"Fri 17 Jan 2025, 12:37 PM",,0,73,175,185,227,-42 (Jan-25 Session- Feb25 Session),gdrfa overstay fine check,60,-,,,,,
Guide to VAT in the UAE 2025,https://economymiddleeast.com/uae-vat-guide/,"Mon 13 Jan 2025, 5:37 PM",,0,6,9,24,13,11 (Jan-25 Session- Feb25 Session),icp smart services abu dhabi,600,-,,,,,
The most visited cities in the world 2024,https://economymiddleeast.com/most-visited-cities-in-the-world/,"Mon 23 Dec 2024, 4:02 PM",,0,749,1549,1313,664,885 (Dec-24 Session- Feb25 Session),emirates id fine check,200,-,,,,,
The inevitable link between the Dubai Metro Blue Line and real estate,https://economymiddleeast.com/dubai-metro-blue-line-real-estate/,"Mon 17 Feb 2025, 1:24 PM",,0,4,14,4,20,-6 (Dec-24 Session- Feb25 Session),id fines,1900,-,,,,,
What is green visa in the UAE and how to get it?,https://economymiddleeast.com/uae-green-visa-process/,"Tue 18 Feb 2025, 3:54 PM",,0,5,12,8,38,-26 (Dec-24 Session- Feb25 Session),eid number uae,450,-,,,,,
UAE mortgage rates guide for 2024,https://economymiddleeast.com/uae-mortage-rate/,"Mon 23 Dec 2024, 4:08 PM",,0,7,24,31,60,-29 (Jan-25 Session- Feb25 Session),how do i check my gdrfa application status,150,-,,,,,
Abu Dhabi real estate market set for robust growth in 2024: Report,https://economymiddleeast.com/abu-dhabi-real-estate-growth-2024/,"Mon 23 Dec 2024, 4:08 PM",,0,0,6,8,5,3 (Jan-25 Session- Feb25 Session),-,-,-,,,,,
Places to visit in Dubai,https://economymiddleeast.com/places-to-visit-in-dubai/,"Tue 18 Feb 2025, 3:43 PM",,0,9,30,23,8,22 (Dec-24 Session- Feb25 Session),cabinet of the united arab emirates,400,-,,,,,
How can I check my GDRFA status in Dubai?,https://economymiddleeast.com/check-gdrfa-status-dubai/,"Fri 17 Jan 2025, 12:40 PM",,0,17,27,7,23,4 (Dec-24 Session- Feb25 Session),how is gratuity calculated in uae,3300,-,,,,,
UAE's top industries in 2024,https://economymiddleeast.com/uae-top-industries/,"Mon 23 Dec 2024, 4:07 PM",,0,73,117,114,127,-10 (Dec-24 Session- Feb25 Session),what is udb number,500,-,,,,,
How has AI impacted Dubai,https://economymiddleeast.com/ai-impact-in-dubai/,"Mon 23 Dec 2024, 4:07 PM",,0,6,6,5,10,-4 (Nov-24 Session- Feb25 Session),sharjah labour law,40,-,,,,,
GCC countries witness rise in citizenship and residency through investment‚ÄØprograms,https://economymiddleeast.com/gcc-citizenship-and-residency-through-investment/,"Mon 17 Feb 2025, 6:09 PM",,0,4,9,12,23,-11 (Jan-25 Session- Feb25 Session),highest building in abu dhabi,50,-,,,,,
The AI imperative: Redefining the future of technology,https://economymiddleeast.com/ai-redefining-the-future-of-technology/,"Mon 23 Dec 2024, 4:05 PM",,0,0,0,0,0,0 (Oct-24 Session- Feb25 Session),-,-,-,,,,,
Places to visit in Abu Dhabi,https://economymiddleeast.com/places-to-visit-in-abu-dhabi/,"Tue 18 Feb 2025, 3:43 PM",,0,2,2,11,5,6 (Jan-25 Session- Feb25 Session),dubai duty free ceo,100,-,,,,,
Best ski resorts in Switzerland in 2024,https://economymiddleeast.com/switzerland-ski-resorts/,"Mon 23 Dec 2024, 4:05 PM",,0,0,1,1,6,-5 (Dec-24 Session- Feb25 Session),sculpture park difc,30,-,,,,,
How to invest in Dubai real estate in 2024,https://economymiddleeast.com/invest-in-dubai-real-estate/,"Mon 17 Feb 2025, 7:31 PM",,0,20,12,6,23,-3 (Nov-24 Session- Feb25 Session),eid start date,200,-,,,,,
What is CFD trading and how does it work?,https://economymiddleeast.com/what-is-cfd-trading-and-how-does-it-work/,"Mon 23 Dec 2024, 4:07 PM",,0,0,0,0,0,0 (Oct-24 Session- Feb25 Session),labour card online,200,-,,,,,
How to calculate Return on Investment (ROI),https://economymiddleeast.com/how-to-calculate-roi/,"Fri 17 Jan 2025, 1:26 PM",,0,0,2,1,3,-1 (Dec-24 Session- Feb25 Session),اجازة عيد الفطر 2024,150,-,,,,,
What is EBITDA?,https://economymiddleeast.com/what-is-ebitda/,"Mon 13 Jan 2025, 12:48 PM",,0,0,1,0,0,1 (Dec-24 Session- Feb25 Session),where to see fireworks in dubai,60,-,,,,,
What is IBAN in UAE?,https://economymiddleeast.com/what-is-iban/,"Fri 10 Jan 2025, 9:39 AM",,0,6,8,9,8,1 (Jan-25 Session- Feb25 Session),can i go to oman with emirates id,100,-,,,,,
Best 5 neighborhoods for property investment in Dubai,https://economymiddleeast.com/best-neighbourhoods-for-property-investment-in-dubai/,"Fri 17 Jan 2025, 12:34 PM",,0,4,3,10,13,-3 (Jan-25 Session- Feb25 Session),what is labour card,60,-,,,,,
Top e-wallets in UAE,https://economymiddleeast.com/top-e-wallets-in-uae/,"Tue 18 Feb 2025, 3:53 PM",,0,47,235,274,380,-106 (Jan-25 Session- Feb25 Session),eid ul adha 2024 uae,150,-,,,,,
How to invest in Saudi share market,https://economymiddleeast.com/how-to-invest-in-saudi-stock-market/,"Fri 17 Jan 2025, 2:10 PM",,0,0,0,0,1,-1 (Oct-24 Session- Feb25 Session),-,-,-,,,,,
Best neighborhoods for staying and investing in Abu Dhabi in 2024,https://economymiddleeast.com/best-abu-dhabi-neighborhoods/,"Mon 17 Feb 2025, 1:22 PM",,0,1,4,3,8,-4 (Dec-24 Session- Feb25 Session),royal orchid restaurant dubai,30,-,,,,,
7 Dubai events to attend in March 2024,https://economymiddleeast.com/dubai-events-march-2024/,"Mon 17 Feb 2025, 1:24 PM",,0,1,2,5,13,-8 (Jan-25 Session- Feb25 Session),شركة امازون,50,-,,,,,
ChatGPT 2024 updates: What‚Äôs new and what‚Äôs to come,https://economymiddleeast.com/chatgpt-2024-updates/,"Mon 23 Dec 2024, 4:05 PM",,0,4,6,7,11,-4 (Jan-25 Session- Feb25 Session),-,-,-,,,,,
How to establish a business partnership in Dubai,https://economymiddleeast.com/how-to-establish-a-business-partnership-in-dubai/,"Fri 17 Jan 2025, 1:56 PM",,0,0,1,1,0,1 (Dec-24 Session- Feb25 Session),investment in dubai real estate,10,-,,,,,
Saudi Arabia's GDP soars from $693.27 billion to $1.06 trillion,https://economymiddleeast.com/saudi-arabia-gdp-soars-gross-domestic/,"Mon 23 Dec 2024, 4:05 PM",,0,0,0,0,0,0 (Oct-24 Session- Feb25 Session),-,-,-,,,,,
Oman visa for UAE residents: Here‚Äôs how to apply,https://economymiddleeast.com/how-to-apply-for-an-oman-visa-as-a-uae-resident/,"Mon 17 Feb 2025, 6:31 PM",,0,621,692,507,740,-48 (Dec-24 Session- Feb25 Session),oman visa for uae residents,3200,-,,,,,
Your guide to getting a Dubai car loan in 2024,https://economymiddleeast.com/dubai-car-loan-in-2024/,"Mon 17 Feb 2025, 1:24 PM",,0,2,10,7,10,0 (Dec-24 Session- Feb25 Session),sharjah license fine check,350,-,,,,,
How UAE employees can verify their LinkedIn accounts?,https://economymiddleeast.com/how-to-verify-linkedin-account-in-uae/,"Mon 17 Feb 2025, 6:42 PM",,0,19,76,130,187,-57 (Jan-25 Session- Feb25 Session),-,-,-,,,,,
How to renew your driving license in Dubai and Abu Dhabi,https://economymiddleeast.com/how-to-renew-driving-license-in-uae/,"Fri 17 Jan 2025, 2:20 PM",,0,16,36,26,61,-25 (Dec-24 Session- Feb25 Session),where can i get my labour card number,300,-,,,,,
Your guide to purchasing a home in Dubai,https://economymiddleeast.com/guide-to-purchasing-a-home-in-dubai/,"Mon 17 Feb 2025, 6:10 PM",,0,0,0,0,0,0 (Oct-24 Session- Feb25 Session),-,-,-,,,,,
ILOE insurance UAE registration: How to subscribe to the unemployment scheme?,https://economymiddleeast.com/how-to-subscribe-to-uae-iloe-scheme/,"Mon 23 Dec 2024, 4:05 PM",,0,15,37,29,89,-52 (Dec-24 Session- Feb25 Session),uae gratuity calculation formula,70,-,,,,,
What is SWIFT banking?,https://economymiddleeast.com/what-is-swift/,"Tue 18 Feb 2025, 4:05 PM",,0,0,1,0,1,0 (Dec-24 Session- Feb25 Session),eid al adha uae 2024,10,-,,,,,
How to get labour card number in UAE,https://economymiddleeast.com/how-to-get-labor-card-number/,"Mon 17 Feb 2025, 6:40 PM",,0,123,292,289,591,-299 (Dec-24 Session- Feb25 Session),how to get labour card number,1200,-,,,,,
Upcoming infrastructure projects transforming the UAE in 2024,https://economymiddleeast.com/upcoming-uae-megaprojects/,"Tue 18 Feb 2025, 3:57 PM",,0,16,57,20,77,-20 (Dec-24 Session- Feb25 Session),schengen visa requirements from dubai,80,-,,,,,
How UAE-based expats can get a Saudi visa,https://economymiddleeast.com/how-to-get-saudi-visa/,"Mon 17 Feb 2025, 6:40 PM",,0,8,18,10,93,-75 (Dec-24 Session- Feb25 Session),oman visa cost for uae residents,60,-,,,,,
World's largest banks by market cap,https://economymiddleeast.com/largest-banks-in-the-world/,"Mon 23 Dec 2024, 4:05 PM",,0,2,4,2,5,-1 (Dec-24 Session- Feb25 Session),american hospital dubai insurance,60,-,,,,,
"Currency pegging: Overview, pros and cons",https://economymiddleeast.com/currency-pegging/,"Mon 17 Feb 2025, 1:23 PM",,0,10,4,4,5,5 (Nov-24 Session- Feb25 Session),esaad number,50,-,,,,,
Sharjah traffic fines: Comprehensive guide 2024,https://economymiddleeast.com/sharjah-traffic-fines/,"Tue 18 Feb 2025, 3:45 PM",,0,392,831,341,366,465 (Dec-24 Session- Feb25 Session),sharjah traffic fines check,7400,-,,,,,
How to invest in gold in the UAE,https://economymiddleeast.com/how-to-invest-in-gold/,"Mon 17 Feb 2025, 6:41 PM",,0,6,19,11,37,-18 (Dec-24 Session- Feb25 Session),uid uae,300,-,,,,,
How to optimize your LinkedIn profile,https://economymiddleeast.com/how-to-optimize-linkedin-profile/,"Fri 17 Jan 2025, 2:11 PM",,0,0,0,0,0,0 (Oct-24 Session- Feb25 Session),-,-,-,,,,,
Top expensive cars in UAE,https://economymiddleeast.com/expensive-cars-uae/,"Mon 23 Dec 2024, 4:04 PM",,0,21,46,46,83,-37 (Dec-24 Session- Feb25 Session),icp smart,70,-,,,,,
10 biggest companies in the world by market capitalization,https://economymiddleeast.com/biggest-companies-in-the-world/,"Mon 17 Feb 2025, 1:22 PM",,0,2,8,1,6,2 (Dec-24 Session- Feb25 Session),how to object traffic fines in abu dhabi,60,-,,,,,
How to get ISO certification in the UAE,https://economymiddleeast.com/how-to-get-iso-certification-in-the-uae/,"Fri 17 Jan 2025, 2:02 PM",,0,0,0,0,2,-2 (Oct-24 Session- Feb25 Session),eid announced,30,-,,,,,
Top AI tools for improving your workflow,https://economymiddleeast.com/ai-tools-for-work/,"Mon 23 Dec 2024, 4:04 PM",,0,0,2,0,0,2 (Dec-24 Session- Feb25 Session),-,-,-,,,,,
Bright future for Ras Al Khaimah‚Äôs real estate sector,https://economymiddleeast.com/ras-al-khaimahs-real-estate-sector/,"Tue 18 Feb 2025, 3:44 PM",,0,4,10,3,90,-80 (Dec-24 Session- Feb25 Session),hamdan bin mohammed bin zayed al nahyan,350,-,,,,,
How to get a home loan in Dubai,https://economymiddleeast.com/how-to-get-home-loan-dubai/,"Mon 23 Dec 2024, 4:04 PM",,0,0,0,1,0,1 (Jan-25 Session- Feb25 Session),best return on investment in dubai,40,-,,,,,
How to buy and invest in crude oil,https://economymiddleeast.com/how-to-trade-oil/,"Fri 17 Jan 2025, 2:28 PM",,0,1,6,8,5,3 (Jan-25 Session- Feb25 Session),-,-,-,,,,,
Places to visit in Sharjah,https://economymiddleeast.com/places-to-visit-in-sharjah/,"Mon 23 Dec 2024, 4:04 PM",,0,10,3,15,14,1 (Jan-25 Session- Feb25 Session),وجهات فلاي دبي,900,-,,,,,
UAE's top trading partners,https://economymiddleeast.com/uae-top-trading-partners/,"Mon 13 Jan 2025, 7:30 PM",,0,12,52,38,52,0 (Dec-24 Session- Feb25 Session),list of holidays in uae 2023,50,-,,,,,
How to register your product in Dubai,https://economymiddleeast.com/how-to-register-product-in-dubai/,"Fri 17 Jan 2025, 2:18 PM",,0,2,7,3,2,5 (Dec-24 Session- Feb25 Session),ramadan dates,90,-,,,,,
Abu Dhabi GDP 2023: Q3 growth highlights emirate's resilience,https://economymiddleeast.com/abu-dhabi-gdp/,"Mon 23 Dec 2024, 4:04 PM",,0,0,0,0,0,0 (Oct-24 Session- Feb25 Session),al mashreq properties,60,-,,,,,
Dubai GDP 2023: Growth in first nine months underscores strong fundamentals,https://economymiddleeast.com/dubai-gdp/,"Mon 23 Dec 2024, 4:04 PM",,0,1,2,0,0,2 (Dec-24 Session- Feb25 Session),how to pay unemployment insurance,100,-,,,,,
Upcoming business events in Dubai in 2024,https://economymiddleeast.com/business-events-dubai-2024/,"Mon 23 Dec 2024, 4:04 PM",,0,8,18,18,18,0 (Dec-24 Session- Feb25 Session),uae gay group,90,-,,,,,
How to renew a trade license in Dubai,https://economymiddleeast.com/how-to-renew-trade-license-dubai/,"Fri 17 Jan 2025, 2:45 PM",,0,0,0,5,4,1 (Jan-25 Session- Feb25 Session),how to get the labour card number,800,-,,,,,
Japan eVISA: Guide for UAE residents,https://economymiddleeast.com/how-to-get-japan-evisa-uae/,"Mon 17 Feb 2025, 6:40 PM",,0,4,9,18,53,-35 (Jan-25 Session- Feb25 Session),oil production by country,1600,-,,,,,
Skyscrapers in the UAE: Ranking the tallest buildings,https://economymiddleeast.com/uae-tallest-buildings/,"Tue 18 Feb 2025, 3:55 PM",,0,12,20,20,14,6 (Dec-24 Session- Feb25 Session),how to count gratuity in uae,50,-,,,,,
How to use the NOL Card in Dubai,https://economymiddleeast.com/how-to-use-nol-card-in-dubai/,"Mon 17 Feb 2025, 6:41 PM",,0,3,7,1,3,4 (Dec-24 Session- Feb25 Session),europe visa from uae,80,-,,,,,
Popular short travel destinations from Dubai,https://economymiddleeast.com/short-travel-destinations-from-dubai/,"Mon 23 Dec 2024, 4:04 PM",,0,0,5,2,2,3 (Dec-24 Session- Feb25 Session),how to check municipality fine,50,-,,,,,
Dubai's real estate: Thriving in the digital era,https://economymiddleeast.com/dubai-real-estate-digital-era/,"Mon 23 Dec 2024, 4:04 PM",,0,3,3,0,4,-1 (Nov-24 Session- Feb25 Session),-,-,-,,,,,
Emirates ID fine check: How to check your fines? A 2025 guide,https://economymiddleeast.com/how-to-check-emirates-id-fines/,"Mon 17 Feb 2025, 6:39 PM",,0,476,1512,1138,554,958 (Dec-24 Session- Feb25 Session),evg traffic fine,3400,-,,,,,
ICP smart service in UAE explained: All you need to know along with the cost involved,https://economymiddleeast.com/icp-smart-services-uae/,"Mon 23 Dec 2024, 4:04 PM",,0,19,50,33,53,-3 (Dec-24 Session- Feb25 Session),how to check salary online,57000,-,,,,,
10 affordable destinations to fly from Dubai in 2024,https://economymiddleeast.com/affordable-destinations-from-dubai/,"Mon 23 Dec 2024, 4:04 PM",,0,4,13,6,10,3 (Dec-24 Session- Feb25 Session),emirates id fine check dubai police,40,-,,,,,
How to get a work permit in the UAE?: A complete guide,https://economymiddleeast.com/uae-work-permit-number-guide/,"Mon 23 Dec 2024, 4:04 PM",,0,0,3,6,6,0 (Jan-25 Session- Feb25 Session),how to get discount on dubai traffic fines,200,-,,,,,
UAE UID number: What you need to know in 2025,https://economymiddleeast.com/uae-uid-number/,"Mon 23 Dec 2024, 4:02 PM",,0,84,122,109,104,18 (Dec-24 Session- Feb25 Session),cleanest country in the world,200,-,,,,,
How to open a bank account in the UAE,https://economymiddleeast.com/how-to-open-a-bank-account-in-the-uae/,"Fri 10 Jan 2025, 9:35 AM",,0,3,0,3,1,2 (Nov-24 Session- Feb25 Session),www.bayut.com dubai,150,-,,,,,
Bitcoin mining: What is it and how does it work,https://economymiddleeast.com/bitcoin-mining-what-is-it-and-how-does-it-work/,"Mon 23 Dec 2024, 4:04 PM",,0,0,0,0,0,0 (Oct-24 Session- Feb25 Session),-,-,-,,,,,
15 safest countries in the world to live and visit in 2025,https://economymiddleeast.com/safest-countries-world/,"Fri 7 Feb 2025, 12:51 PM",,0,3348,11142,11261,18228,-6967 (Jan-25 Session- Feb25 Session),safest country in the world,2500,-,,,,,
What are blue chip stocks and why you should invest in them,https://economymiddleeast.com/what-are-blue-chip-stocks-and-why-you-should-invest-in-them/,"Mon 23 Dec 2024, 4:04 PM",,0,3,13,3,2,11 (Dec-24 Session- Feb25 Session),gold rate in uae trend,80,-,,,,,
How to plan your next trip with an AI itinerary builder,https://economymiddleeast.com/how-to-plan-your-next-trip-with-an-ai-itinerary-builder/,"Mon 23 Dec 2024, 4:04 PM",,0,0,2,1,0,2 (Dec-24 Session- Feb25 Session),price for gold in uae,0,-,,,,,
How to apply for a U.S. visa in Saudi Arabia: A comprehensive guide,https://economymiddleeast.com/how-to-apply-for-us-visa-saudi-arabia-guide/,"Mon 23 Dec 2024, 4:04 PM",,0,1,7,14,5,9 (Jan-25 Session- Feb25 Session),united arab emirates holidays 2024,10,-,,,,,
Seven largest companies in the world by market cap in 2024,https://economymiddleeast.com/largest-companies-by-market-cap-in-world/,"Fri 14 Mar 2025, 4:13 PM",,0,1,1,2,0,2 (Jan-25 Session- Feb25 Session),oman entry requirements from uae,40,-,,,,,
Must-visit destinations for travel enthusiasts,https://economymiddleeast.com/must-visit-destinations-for-travel-enthusiasts/,"Mon 23 Dec 2024, 4:04 PM",,0,1,5,4,2,3 (Dec-24 Session- Feb25 Session),-,-,-,,,,,
101 ways to enjoy and experience the UAE capital,https://economymiddleeast.com/ways-to-enjoy-and-experience-abu-dhabi/,"Mon 23 Dec 2024, 4:04 PM",,0,0,2,2,1,1 (Dec-24 Session- Feb25 Session),new year fireworks in dubai,60,-,,,,,
Top 15 strongest currencies in the world benchmarked to the U.S. dollar in 2024,https://economymiddleeast.com/stongest-currencies-in-the-world/,"Mon 23 Dec 2024, 4:04 PM",,0,11,23,15,22,1 (Dec-24 Session- Feb25 Session),company license renewal dubai,800,-,,,,,
UAE residence visa: Requirements and application process,https://economymiddleeast.com/uae-residence-visa-guide/,"Mon 23 Dec 2024, 4:04 PM",,0,6,12,6,42,-30 (Dec-24 Session- Feb25 Session),world heritage site,150,-,,,,,
Top 10 most spoken languages in the world in 2025,https://economymiddleeast.com/most-spoken-languages-world/,"Fri 10 Jan 2025, 9:27 AM",,0,8,23,52,49,3 (Jan-25 Session- Feb25 Session),uae residence visa check,100,-,,,,,
7 best cryptocurrency wallets in UAE in 2025,https://economymiddleeast.com/best-crypto-wallets-uae/,"Fri 10 Jan 2025, 9:26 AM",,0,21,77,60,77,0 (Dec-24 Session- Feb25 Session),highest temperature in world which country,150,-,,,,,
Neom city master plan: Unlocking the future of urban development,https://economymiddleeast.com/neom-city-master-plan-saudi-arabia/,"Mon 23 Dec 2024, 4:04 PM",,0,24,81,84,83,1 (Jan-25 Session- Feb25 Session),biggest stadium in the world,200,-,,,,,
10 most expensive stocks in the world by share price 2024,https://economymiddleeast.com/most-expensive-stocks-in-the-world-by-share-price/,"Tue 18 Feb 2025, 10:25 AM",,0,7,22,16,48,-26 (Dec-24 Session- Feb25 Session),sharjah rta fine,20,-,,,,,
Top tax-free countries in the world,https://economymiddleeast.com/top-tax-free-countries/,"Tue 18 Feb 2025, 3:53 PM",,0,4,9,6,7,2 (Dec-24 Session- Feb25 Session),jaleel cash and carry dic,250,-,,,,,
10 AI stocks for investment in 2024,https://economymiddleeast.com/?p=63550,,,,,,,,,,,,,,,,
How is gold priced: A beginner's guide,https://economymiddleeast.com/how-is-gold-priced/,"Fri 17 Jan 2025, 1:24 PM",,0,3,0,0,0,3 (Nov-24 Session- Feb25 Session),-,-,-,,,,,
World's 10 largest airports by land area in 2024,https://economymiddleeast.com/?p=63801,,,,,,,,,,,,,,,,
World‚Äôs 5 top valuable airline brands,https://economymiddleeast.com/top-airlines-in-world/,"Tue 18 Feb 2025, 3:52 PM",,0,3,13,7,20,-7 (Dec-24 Session- Feb25 Session),-,-,-,,,,,
Exploring the effects of plastic pollution on the economy and solutions,https://economymiddleeast.com/?p=64095,,,,,,,,,,,,,,,,
UAE public holidays 2024: When is the next long weekend?,https://economymiddleeast.com/uae-holidays-when-is-the-next-long-weekend-in-2024/,"Fri 14 Mar 2025, 4:15 PM",,0,162,51,17,10,152 (Nov-24 Session- Feb25 Session),salary check uae,62000,-,,,,,
What is swing trading? A beginner's guide to profiting from market fluctuations,https://economymiddleeast.com/what-is-swing-trading/,"Mon 23 Dec 2024, 4:04 PM",,0,1,1,0,1,0 (Nov-24 Session- Feb25 Session),dubai fireworks display,500,-,,,,,
How to pay ILOE insurance fine in UAE,https://economymiddleeast.com/how-to-pay-iloe-fine-uae/,"Fri 17 Jan 2025, 2:13 PM",,0,226,275,421,602,-181 (Jan-25 Session- Feb25 Session),iloe fine payment,3100,-,,,,,
How to calculate exchange rates: A beginner's guide,https://economymiddleeast.com/how-to-calculate-exchange-rates/,"Mon 23 Dec 2024, 4:04 PM",,0,1,0,1,2,-1 (Nov-24 Session- Feb25 Session),التضخم في الامارات,10,-,,,,,
Countries and regions with the highest life expectancy globally in 2024,https://economymiddleeast.com/?p=64495,,,,,,,,,,,,,,,,
Largest economies in the world 2024: Top 10 ranked by GDP,https://economymiddleeast.com/worlds-largest-economies-ranked-by-gdp/,"Tue 18 Feb 2025, 4:06 PM",,0,16,42,81,207,-126 (Jan-25 Session- Feb25 Session),summit international school abu dhabi,10,-,,,,,
Most populated cities in the world in 2024,https://economymiddleeast.com/?p=64815,,,,,,,,,,,,,,,,
Top 10 smallest countries in the world in 2024,https://economymiddleeast.com/?p=64878,,,,,,,,,,,,,,,,
How to recall an email in Outlook,https://economymiddleeast.com/how-to-recall-an-email-in-outlook/,"Mon 23 Dec 2024, 4:04 PM",,0,0,2,3,1,2 (Jan-25 Session- Feb25 Session),احتفال اليوم الوطني الاماراتي,50,-,,,,,
How to trade in commodities: A beginner's guide,https://economymiddleeast.com/how-to-trade-in-commodities-a-beginners-guide/,"Mon 23 Dec 2024, 4:04 PM",,0,0,0,0,0,0 (Oct-24 Session- Feb25 Session),-,-,-,,,,,
What is the Jaywan card in UAE? All you need to know,https://economymiddleeast.com/what-is-the-jaywan-card-in-uae-all-you-need-to-know/,"Mon 23 Dec 2024, 4:04 PM",,0,11,33,15,13,20 (Dec-24 Session- Feb25 Session),how much fine for visit visa overstay in uae,700,-,,,,,
Top 20 busiest airports in the world,https://economymiddleeast.com/top-20-busiest-airports-in-the-world/,"Mon 23 Dec 2024, 4:02 PM",,0,11,604,404,372,232 (Dec-24 Session- Feb25 Session),holidays in uae 2024,250,-,,,,,
How to obtain a family visa UAE: A comprehensive guide,https://economymiddleeast.com/uae-residence-visa-for-family-members-a-complete-guide/,"Mon 23 Dec 2024, 4:02 PM",,0,11,20,22,18,4 (Jan-25 Session- Feb25 Session),world biggest football stadium,250,-,,,,,
UAE labour Law: Complete guide - Everything you need to know,https://economymiddleeast.com/uae-labor-law-all-you-need-to-know/,"Tue 18 Feb 2025, 3:55 PM",,0,7,3,3,5,2 (Nov-24 Session- Feb25 Session),how to emirates id fine check,300,-,,,,,
Top 10 happiest countries in the world,https://economymiddleeast.com/happiest-countries-in-the-world/,"Mon 17 Feb 2025, 6:10 PM",,0,9,6,41,12,29 (Jan-25 Session- Feb25 Session),how to check vehicle fine in abu dhabi,1200,-,,,,,
World's largest banks by assets in 2024,https://economymiddleeast.com/worlds-largest-banks-by-assets/,"Mon 23 Dec 2024, 4:04 PM",,0,3,2,2,2,1 (Nov-24 Session- Feb25 Session),-,-,-,,,,,
Top 12 biggest oil and gas companies in world by market cap,https://economymiddleeast.com/biggest-oil-and-gas-companies-in-the-world/,"Fri 17 Jan 2025, 12:38 PM",,0,21,39,55,78,-23 (Jan-25 Session- Feb25 Session),abu dhabi traffic rules,40,-,,,,,
South Africa tops wealth inequality list 2024,https://economymiddleeast.com/south-africa-tops-wealth-inequality-list/,"Mon 23 Dec 2024, 4:04 PM",,0,5,10,4,6,4 (Dec-24 Session- Feb25 Session),-,-,-,,,,,
Top 10 biggest tech companies in the world by market cap in 2024,https://economymiddleeast.com/largest-tech-companies-in-the-world-by-market-cap-in-2024/,"Mon 23 Dec 2024, 4:04 PM",,0,21,41,23,27,14 (Dec-24 Session- Feb25 Session),what is global village dubai,30,-,,,,,
10 largest stadiums in the world by capacity in 2025,https://economymiddleeast.com/largest-stadiums-in-the-world/,"Wed 26 Feb 2025, 2:25 PM",,0,0,0,0,35,-35 (Oct-24 Session- Feb25 Session),what is the longest flight in the world,20,-,,,,,
What is the stock market and how does it work? A beginner‚Äôs guide,https://economymiddleeast.com/?p=66271,,,,,,,,,,,,,,,,
What are multibagger stocks and why you should consider investing in them,https://economymiddleeast.com/multibagger-stocks-what-are-they-should-you-invest-in-them/,"Tue 18 Feb 2025, 10:26 AM",,0,0,2,0,3,-1 (Dec-24 Session- Feb25 Session),-,-,-,,,,,
What is a publicly traded company? Everything you need to know,https://economymiddleeast.com/what-is-a-publicly-traded-company/,"Mon 23 Dec 2024, 4:04 PM",,0,0,0,0,0,0 (Oct-24 Session- Feb25 Session),-,-,-,,,,,
Explore the top 10 largest countries in the world by area,https://economymiddleeast.com/?p=66537,,,,,,,,,,,,,,,,
Emirates ID fine exemption: How to apply in UAE?,https://economymiddleeast.com/?p=66563,,,,,,,,,,,,,,,,
10 most populated countries in the world in 2024,https://economymiddleeast.com/10-most-populated-countries-in-the-world-in-2024/,"Mon 23 Dec 2024, 4:04 PM",,0,6,6,16,4,12 (Jan-25 Session- Feb25 Session),how to check if visa is cancelled in uae,60,-,,,,,
Difference between stocks and shares: Full guide for investors,https://economymiddleeast.com/?p=66754,,,,,,,,,,,,,,,,
How to start investing in crude oil stocks: Essential tips for beginners,https://economymiddleeast.com/how-to-invest-in-oil-stocks-a-beginners-guide/,"Mon 23 Dec 2024, 4:04 PM",,0,1,1,1,0,1 (Nov-24 Session- Feb25 Session),-,-,-,,,,,
10 poorest countries in the world by GDP per capita in 2024,https://economymiddleeast.com/poorest-countries-in-the-world-by-gdp-per-capita/,"Tue 18 Feb 2025, 3:44 PM",,0,2,5,5,12,-7 (Dec-24 Session- Feb25 Session),fireworks national day abu dhabi,1800,-,,,,,
Top 10 countries with the world's youngest populations,https://economymiddleeast.com/countries-with-the-worlds-youngest-populations/,"Mon 17 Feb 2025, 1:23 PM",,0,6,24,20,26,-2 (Dec-24 Session- Feb25 Session),fedex dwc,40,-,,,,,
Top 10 longest non-stop flights in the world 2024,https://economymiddleeast.com/worlds-longest-non-stop-airline-routes/,"Mon 23 Dec 2024, 4:01 PM",,0,5,82,64,48,34 (Dec-24 Session- Feb25 Session),sheikh hamdan bin mohammed bin rashid al maktoum,600,-,,,,,
Top 10 Tallest Buildings in the World 2025,https://economymiddleeast.com/tallest-buildings-in-world/,"Tue 18 Feb 2025, 3:50 PM",,0,7,11,15,40,-25 (Jan-25 Session- Feb25 Session),how to check balance in abu dhabi bus card,20,-,,,,,
10 shortest international commercial flights in the world 2024,https://economymiddleeast.com/worlds-shortest-international-commercial-flights/,"Fri 14 Mar 2025, 11:32 AM",,0,8,16,7,6,10 (Dec-24 Session- Feb25 Session),police fine dubai,70,-,,,,,
10 investment guidelines for the second half of 2024,https://economymiddleeast.com/10-investment-guidelines-for-the-second-half-of-2024/,"Mon 23 Dec 2024, 4:04 PM",,0,0,1,0,0,1 (Dec-24 Session- Feb25 Session),-,-,-,,,,,
What is asset management? A complete guide,https://economymiddleeast.com/what-is-asset-management/,"Tue 18 Feb 2025, 4:02 PM",,0,1,0,0,0,1 (Nov-24 Session- Feb25 Session),ksa visit visa for gcc residents,90,-,,,,,
10 most expensive cities in the world in 2024 for international workers,https://economymiddleeast.com/most-expensive-cities-in-world/,"Tue 18 Feb 2025, 10:24 AM",,0,4,13,8,28,-15 (Dec-24 Session- Feb25 Session),europe visa for uae residents,150,-,,,,,
10 global cities with the highest cost of living in 2024,https://economymiddleeast.com/?p=67642,,,,,,,,,,,,,,,,
10 highest road traffic cities in the world in 2025,https://economymiddleeast.com/highest-traffic-city-world/,"Fri 14 Mar 2025, 4:12 PM",,0,21,70,78,127,-49 (Jan-25 Session- Feb25 Session),-,-,-,,,,,
10 highest minimum wages countries in the world in 2025,https://economymiddleeast.com/highest-minimum-wages-countries-in-the-world/,"Thu 9 Jan 2025, 9:03 AM",,0,97,200,160,266,-66 (Dec-24 Session- Feb25 Session),-,-,-,,,,,
Top 10 healthiest countries in the world,https://economymiddleeast.com/healthiest-countries-in-the-world/,"Mon 17 Feb 2025, 6:11 PM",,0,12,22,28,39,-11 (Jan-25 Session- Feb25 Session),when ramadan start in uae,30,-,,,,,
What is a market economy and how does it work?,https://economymiddleeast.com/what-is-a-market-economy/,"Tue 18 Feb 2025, 4:01 PM",,0,1,0,3,7,-4 (Jan-25 Session- Feb25 Session),iloe-dubai insurance,80,-,,,,,
What is a command economy and how does it work?,https://economymiddleeast.com/what-is-a-command-economy/,"Tue 18 Feb 2025, 4:01 PM",,0,0,1,0,2,-1 (Dec-24 Session- Feb25 Session),uae labour law final settlement calculation,40,-,,,,,
How to build credit? A complete guide,https://economymiddleeast.com/how-to-build-credit-a-complete-guide/,"Mon 17 Feb 2025, 6:39 PM",,0,0,0,1,0,1 (Jan-25 Session- Feb25 Session),-,-,-,,,,,
Top 10 IT skills in demand for 2025,https://economymiddleeast.com/?p=68499,,,,,,,,,,,,,,,,
Largest bitcoin mining companies,https://economymiddleeast.com/largest-bitcoin-mining-companies-by-market-cap/,"Tue 18 Feb 2025, 10:23 AM",,0,14,17,20,48,-28 (Jan-25 Session- Feb25 Session),-,-,-,,,,,
What is the Esaad card in Dubai? All you need to know,https://economymiddleeast.com/what-is-the-esaad-card-in-dubai/,"Tue 18 Feb 2025, 4:05 PM",,0,15,40,25,40,0 (Dec-24 Session- Feb25 Session),traffic fines evg,700,-,,,,,
How to check credit score in UAE,https://economymiddleeast.com/how-to-check-credit-score-in-uae/,"Fri 17 Jan 2025, 1:33 PM",,0,3,7,6,5,2 (Dec-24 Session- Feb25 Session),how to know my labour card number,3600,-,,,,,
Top 10 highest income taxed countries in the world in 2025,https://economymiddleeast.com/highest-income-taxed-countries-in-the-world/,"Mon 17 Feb 2025, 6:18 PM",,0,4,13,13,45,-32 (Dec-24 Session- Feb25 Session),how to use nol card in bus,30,-,,,,,
Top 10 countries with the longest maternity leave in the world 2025,https://economymiddleeast.com/countries-with-longest-maternity-leave/,"Mon 17 Feb 2025, 1:23 PM",,0,75,287,314,380,-66 (Jan-25 Session- Feb25 Session),-,-,-,,,,,
What is Ratibi card in UAE: All you need to know,https://economymiddleeast.com/what-is-ratibi-card-in-uae/,"Wed 26 Feb 2025, 2:15 PM",,0,0,0,0,58,-58 (Oct-24 Session- Feb25 Session),dubai rental index,200,-,,,,,
What is SaaS? Everything you need to know,https://economymiddleeast.com/what-is-saas-everything-you-need-to-know/,"Fri 14 Mar 2025, 4:15 PM",,0,0,0,3,4,-1 (Jan-25 Session- Feb25 Session),-,-,-,,,,,
What is Supermoon? Everything you need to know,https://economymiddleeast.com/?p=69663,,,,,,,,,,,,,,,,
10 reputed universities in the U.S. in 2024,https://economymiddleeast.com/10-reputed-universities-in-the-u-s-in-2024/,"Mon 17 Feb 2025, 10:43 AM",,0,0,0,0,1,-1 (Oct-24 Session- Feb25 Session),-,-,-,,,,,
What is Hafilat smart card in UAE? Must know details,https://economymiddleeast.com/what-is-hafilat-smart-card/,"Tue 18 Feb 2025, 4:04 PM",,0,1,18,14,24,-6 (Dec-24 Session- Feb25 Session),most expensive cars in the world,350,-,,,,,
What is EVG in UAE: A complete guide,https://economymiddleeast.com/what-is-evg-in-uae-a-complete-guide/,"Fri 14 Mar 2025, 4:15 PM",,0,1,18,11,50,-32 (Dec-24 Session- Feb25 Session),evg fine check,9900,-,,,,,
"10 largest asset management firms in the world in 2024, by value of managed assets",https://economymiddleeast.com/10-largest-asset-management-firms-in-the-world-in-2024-by-value-of-managed-assets/,"Wed 19 Feb 2025, 9:56 AM",,0,35,86,58,168,-82 (Dec-24 Session- Feb25 Session),middle east college,10,-,,,,,
What are hedge funds: A complete guide,https://economymiddleeast.com/what-are-hedge-funds-a-complete-guide/,"Tue 18 Feb 2025, 4:00 PM",,0,0,1,1,1,0 (Dec-24 Session- Feb25 Session),end of service uae,600,-,,,,,
"Top 10 cities captivating social media audiences worldwide, led by Dubai",https://economymiddleeast.com/top-10-cities-captivating-social-media-audiences-worldwide-led-by-dubai/,"Mon 23 Dec 2024, 4:03 PM",,0,1,3,7,1,6 (Jan-25 Session- Feb25 Session),-,-,-,,,,,
What is day trading: A complete guide for beginners,https://economymiddleeast.com/what-is-day-trading-a-complete-guide-for-beginners/,"Tue 18 Feb 2025, 4:03 PM",,0,3,6,2,1,5 (Dec-24 Session- Feb25 Session),buy property in dubai for investment,400,-,,,,,
How to build business credit: Here's what you should know,https://economymiddleeast.com/how-to-build-business-credit-heres-what-you-should-know/,"Mon 17 Feb 2025, 6:39 PM",,0,0,0,0,0,0 (Oct-24 Session- Feb25 Session),-,-,-,,,,,
20 smartest cities in the world in 2024,https://economymiddleeast.com/20-smartest-cities-in-the-world-in-2024/,"Mon 17 Feb 2025, 10:44 AM",,0,1,22,34,32,2 (Jan-25 Session- Feb25 Session),-,-,-,,,,,
UAE passport climbs to 8th position in 2024 from 15th,https://economymiddleeast.com/uae-passport-climbs-to-8th-position-from-15th/,"Mon 23 Dec 2024, 4:02 PM",,0,0,0,1,2,-1 (Jan-25 Session- Feb25 Session),short trips from dubai,100,-,,,,,
UAE GDP report 2024: Must-know details,https://economymiddleeast.com/united-arab-emirates-gdp/,"Mon 23 Dec 2024, 4:02 PM",,0,11,20,31,48,-17 (Jan-25 Session- Feb25 Session),uae driving license valid countries list,200,-,,,,,
What is a traditional economy? A complete guide,https://economymiddleeast.com/what-is-a-traditional-economy/,"Tue 18 Feb 2025, 4:01 PM",,0,1,1,3,3,0 (Jan-25 Session- Feb25 Session),uae labor card number,60,-,,,,,
What is inflation? Understanding inflation rates,https://economymiddleeast.com/what-is-inflation-all-you-need-to-know/,"Tue 18 Feb 2025, 4:04 PM",,0,0,1,0,0,1 (Dec-24 Session- Feb25 Session),-,-,-,,,,,
Saudi Arabia expects over 50 IPO listings this year: Saudi Exchange CEO,https://economymiddleeast.com/saudi-arabia-expects-over-50-ipo-listings-this-year-saudi-exchange-ceo/,"Mon 23 Dec 2024, 4:02 PM",,0,1,2,5,0,5 (Jan-25 Session- Feb25 Session),-,-,-,,,,,
Top 6 longest highways in the world 2024,https://economymiddleeast.com/longest-highways-in-the-world/,"Tue 18 Feb 2025, 10:24 AM",,0,10,33,4,10,23 (Dec-24 Session- Feb25 Session),how to pay iloe,100,-,,,,,
Saudi IPO market: Overview and trends in 2024,https://economymiddleeast.com/saudi-ipo-market/,"Mon 23 Dec 2024, 4:02 PM",,0,3,29,22,28,1 (Dec-24 Session- Feb25 Session),al wathba festival fireworks time,40,-,,,,,
7 reasons to invest in off-plan properties in Dubai today,https://economymiddleeast.com/7-reasons-to-invest-in-off-plan-properties-in-dubai-today/,"Fri 14 Mar 2025, 4:21 PM",,0,4,18,4,4,14 (Dec-24 Session- Feb25 Session),dubai to oman by road visa cost,30,-,,,,,
What is an Initial Public Offering (IPO): Meaning and definition,https://economymiddleeast.com/what-is-an-ipo/,"Tue 18 Feb 2025, 4:02 PM",,0,0,1,1,0,1 (Dec-24 Session- Feb25 Session),how to download work permit in uae,2000,-,,,,,
Top 10 hottest countries in the world,https://economymiddleeast.com/hottest-countries-in-the-world/,"Mon 17 Feb 2025, 6:18 PM",,0,337,1776,1052,621,1155 (Dec-24 Session- Feb25 Session),mobile wallet uae,250,-,,,,,
US Federal Reserve rate history: From 2015 to 2024,https://economymiddleeast.com/us-federal-reserve-rate-history-from-2015-to-2024/,"Mon 23 Dec 2024, 4:02 PM",,0,5,16,4,2,14 (Dec-24 Session- Feb25 Session),-,-,-,,,,,
Police clearance certificate in Abu Dhabi: Must-know details,https://economymiddleeast.com/police-clearance-certificate-in-abu-dhabi-must-know-details/,"Tue 18 Feb 2025, 3:43 PM",,0,44,74,55,70,4 (Dec-24 Session- Feb25 Session),how to pay overstay fine in uae,400,-,,,,,
What is day trading? Must-know details including how many trading days in a year,https://economymiddleeast.com/what-is-day-trading-must-know-details/,"Tue 18 Feb 2025, 4:03 PM",,0,6,22,24,37,-13 (Jan-25 Session- Feb25 Session),-,-,-,,,,,
Most diverse countries in the world 2024,https://economymiddleeast.com/most-diverse-countries-in-the-world/,"Tue 18 Feb 2025, 10:24 AM",,0,8,23,29,30,-1 (Jan-25 Session- Feb25 Session),uae labour law gratuity calculation,30,-,,,,,
Most visited countries in the world: A global tourism ranking,https://economymiddleeast.com/most-visited-countries-in-the-world-a-global-tourism-ranking/,"Tue 18 Feb 2025, 10:26 AM",,0,656,2557,2271,1945,612 (Dec-24 Session- Feb25 Session),red signal crossing fine abu dhabi,200,-,,,,,
Dubai real estate market: Why wealthy Indians choose to invest,https://economymiddleeast.com/dubai-real-estate-market-why-wealthy-indians-choose-to-invest/,"Mon 17 Feb 2025, 1:24 PM",,0,0,7,7,4,3 (Dec-24 Session- Feb25 Session),-,-,-,,,,,
Oldest countries in the world,https://economymiddleeast.com/oldest-countries-in-the-world/,"Tue 18 Feb 2025, 3:42 PM",,0,11,25,20,42,-17 (Dec-24 Session- Feb25 Session),how to get labour card in uae,1500,-,,,,,
TRN verification guide: Everything you need to know,https://economymiddleeast.com/trn-verification-guide-everything-you-need-to-know/,"Tue 18 Feb 2025, 3:54 PM",,0,3,5,6,14,-8 (Jan-25 Session- Feb25 Session),application status gdrfa,70,-,,,,,
The most peaceful countries in the world 2024,https://economymiddleeast.com/the-most-peaceful-countries-in-the-world-2024/,"Tue 18 Feb 2025, 3:52 PM",,0,3,10,1,2,8 (Dec-24 Session- Feb25 Session),can i travel to oman with uae residence visa,60,-,,,,,
The 10 cleanest countries in the world,https://economymiddleeast.com/the-10-cleanest-countries-in-the-world/,"Tue 18 Feb 2025, 3:51 PM",,0,35,57,48,60,-3 (Dec-24 Session- Feb25 Session),abu dhabi police fine check by emirates id,700,-,,,,,
Capex meaning: What is capital expenditure (capex)? All you need to know,https://economymiddleeast.com/capex-meaning-what-is-capital-expenditure-capex-all-you-need-to-know/,"Mon 17 Feb 2025, 1:22 PM",,0,0,0,0,0,0 (Oct-24 Session- Feb25 Session),red signal crossing fine dubai 2023 new rules,1100,-,,,,,
The smartest countries in the world by IQ level,https://economymiddleeast.com/the-smartest-countries-in-the-world-by-iq-level/,"Tue 18 Feb 2025, 3:52 PM",,0,44,154,161,83,78 (Jan-25 Session- Feb25 Session),computation of gratuity in uae,70,-,,,,,
The freest country in the world 2024,https://economymiddleeast.com/the-freest-country-in-the-world-2024/,"Tue 18 Feb 2025, 3:51 PM",,0,49,56,47,33,23 (Dec-24 Session- Feb25 Session),-,-,-,,,,,
"Equity: What it means, how it works and how to calculate",https://economymiddleeast.com/equity-what-it-means-how-it-works-and-how-to-calculate/,"Mon 23 Dec 2024, 4:02 PM",,0,1,1,0,2,-1 (Nov-24 Session- Feb25 Session),-,-,-,,,,,
Top oil producing countries in the world,https://economymiddleeast.com/top-oil-producing-countries-in-the-world/,"Tue 18 Feb 2025, 3:53 PM",,0,2,6,7,7,0 (Jan-25 Session- Feb25 Session),how check fine on emirates id,150,-,,,,,
What is GDP: A beginner's guide to measuring economic growth,https://economymiddleeast.com/what-is-gdp-a-beginners-guide-to-measuring-economic-growth/,"Tue 18 Feb 2025, 4:03 PM",,0,2,1,2,0,2 (Nov-24 Session- Feb25 Session),-,-,-,,,,,
Get your VIN check in UAE: Free guide to checking car accident history,https://economymiddleeast.com/get-your-vin-check-in-uae-free-guide-to-checking-car-accident-history/,"Mon 17 Feb 2025, 6:10 PM",,0,22,13,17,31,-9 (Nov-24 Session- Feb25 Session),saas properties abu dhabi,50,-,,,,,
"The 10 largest air forces in the world, ranked by number of military aircraft",https://economymiddleeast.com/the-10-largest-air-forces-in-the-world/,"Tue 18 Feb 2025, 3:51 PM",,0,207,977,425,221,756 (Dec-24 Session- Feb25 Session),-,-,-,,,,,
Employee benefits in the UAE: Must-know details,https://economymiddleeast.com/employee-benefits-in-the-uae-must-know-details/,"Mon 17 Feb 2025, 6:08 PM",,0,7,9,4,14,-5 (Dec-24 Session- Feb25 Session),ratibi salary card,100,-,,,,,
Leadership skills: A complete guide,https://economymiddleeast.com/leadership-skills-a-complete-guide/,"Tue 18 Feb 2025, 10:24 AM",,0,0,1,0,0,1 (Dec-24 Session- Feb25 Session),staples dubai,10,-,,,,,
Navigating maternity leave in UAE: Know your rights and benefits,https://economymiddleeast.com/navigating-maternity-leave-in-uae-know-your-rights-and-benefits/,"Tue 18 Feb 2025, 10:27 AM",,0,0,5,0,4,1 (Dec-24 Session- Feb25 Session),how to renew drivers license in uae,3900,-,,,,,
Difference between commercial and professional license in Dubai: A comprehensive guide,https://economymiddleeast.com/difference-between-commercial-and-professional-license-in-dubai-a-comprehensive-guide/,"Mon 17 Feb 2025, 1:23 PM",,0,0,2,1,0,2 (Dec-24 Session- Feb25 Session),how to check bus card balance in abu dhabi,300,-,,,,,
What is market segmentation? All you need to know,https://economymiddleeast.com/what-is-market-segmentation-all-you-need-to-know/,"Tue 18 Feb 2025, 4:04 PM",,0,0,0,1,2,-1 (Jan-25 Session- Feb25 Session),driving license renewal dubai location,450,-,,,,,
Understanding TIN number in UAE: A guide to tax registration,https://economymiddleeast.com/understanding-tin-number-in-uae-a-guide-to-tax-registration/,"Tue 18 Feb 2025, 3:56 PM",,0,25,93,120,99,21 (Jan-25 Session- Feb25 Session),largest stadium in the world,500,-,,,,,
China GDP: Growth trends and economic forecasts for 2024,https://economymiddleeast.com/china-gdp-growth-trends-and-economic-forecasts-for-2024/,"Mon 17 Feb 2025, 1:23 PM",,0,12,11,7,16,-4 (Nov-24 Session- Feb25 Session),-,-,-,,,,,
United Kingdom GDP & Economy Overview,https://economymiddleeast.com/united-kingdom-gdp/,"Fri 24 Jan 2025, 6:22 PM",,0,0,0,4,27,-23 (Jan-25 Session- Feb25 Session),dubai creek tower progress 2023,0,-,,,,,
Turkey GDP: Growth trends and economic forecasts for 2025,https://economymiddleeast.com/turkey-gdp-growth-trends-and-economic-forecasts-for-2025/,"Tue 18 Feb 2025, 3:54 PM",,0,33,87,190,253,-63 (Jan-25 Session- Feb25 Session),visa uid number,250,-,,,,,
Due diligence meaning: Definition,https://economymiddleeast.com/due-diligence-meaning-definition-and-importance-in-business/,"Mon 17 Feb 2025, 1:25 PM",,0,0,3,6,16,-10 (Jan-25 Session- Feb25 Session),-,-,-,,,,,
10 cryptocurrencies that saw massive surge after Donald Trump's election win,https://economymiddleeast.com/10-cryptocurrencies-that-saw-massive-surge-after-donald-trumps-election-win/,"Mon 23 Dec 2024, 4:02 PM",,0,8,17,8,0,17 (Dec-24 Session- Feb25 Session),-,-,-,,,,,
10 countries with the most data centers in 2025,https://economymiddleeast.com/10-countries-with-the-most-data-centers/,"Fri 17 Jan 2025, 2:40 PM",,0,0,0,36,56,-20 (Jan-25 Session- Feb25 Session),-,-,-,,,,,
"Dubai economy: Growth, trade and innovation insights",https://economymiddleeast.com/deep-dive-dubai-economy-growth-trade-innovation-insights/,"Mon 23 Dec 2024, 4:01 PM",,0,0,83,46,29,54 (Dec-24 Session- Feb25 Session),emirati women's day 2023 theme,150,-,,,,,
Saudi Arabia GDP & Economy Overview,https://economymiddleeast.com/saudi-arabia-gdp/,"Tue 18 Feb 2025, 3:44 PM",,0,0,0,10,93,-83 (Jan-25 Session- Feb25 Session),dubai real estate investors,100,-,,,,,
The 50 most valuable sports teams in 2024,https://economymiddleeast.com/the-50-most-valuable-sports-teams-in-2024/,"Mon 23 Dec 2024, 4:02 PM",,0,0,484,51,83,401 (Dec-24 Session- Feb25 Session),-,-,-,,,,,
Oman GDP & Economy Overview,https://economymiddleeast.com/oman-gdp/,"Thu 30 Jan 2025, 1:51 PM",,0,0,0,0,40,-40 (Oct-24 Session- Feb25 Session),dubai property investment,80,-,,,,,
Qatar GDP & Economy Overview,https://economymiddleeast.com/qatar-gdp/,"Tue 18 Feb 2025, 3:44 PM",,0,0,0,17,104,-87 (Jan-25 Session- Feb25 Session),dubai integrated economic zones,20,-,,,,,
Bahrain GDP & Economy Overview,https://economymiddleeast.com/bahrain-gdp/,"Fri 24 Jan 2025, 6:19 PM",,0,0,0,15,52,-37 (Jan-25 Session- Feb25 Session),oil companies,30,-,,,,,
Kuwait GDP & Economy Overview,https://economymiddleeast.com/kuwait-gdp/,"Thu 30 Jan 2025, 1:09 PM",,0,0,0,17,75,-58 (Jan-25 Session- Feb25 Session),how to check overstay fine in abu dhabi,80,-,,,,,
Egypt GDP & Economy Overview,https://economymiddleeast.com/egypt-gdp/,"Mon 17 Feb 2025, 1:25 PM",,0,0,0,25,96,-71 (Jan-25 Session- Feb25 Session),national day fireworks in dubai today timing,20,-,,,,,
United States GDP & Economy Overview,https://economymiddleeast.com/united-states-gdp/,"Mon 17 Feb 2025, 1:51 PM",,0,0,0,5,9,-4 (Jan-25 Session- Feb25 Session),union properties pjsc,40,-,,,,,
Germany GDP: Growth trends and economic forecasts for 2025,https://economymiddleeast.com/germany-gdp-challenges-insights-projections/,"Mon 17 Feb 2025, 6:09 PM",,0,0,229,53,56,173 (Dec-24 Session- Feb25 Session),uae driving licence valid countries,250,-,,,,,
When is Ramadan? UAE dates &amp; working hours details,https://economymiddleeast.com/when-will-ramadan-start-in-uae/,"Thu 27 Feb 2025, 10:06 AM",,0,0,0,0,249,-249 (Oct-24 Session- Feb25 Session),ramadan 2025 uae,279000,-,,,,,
Ramadan 2025: UAE traditions explained,https://economymiddleeast.com/ramadan-uae-2025-guide/,"Mon 17 Mar 2025, 8:41 AM",,0,0,0,0,206,-206 (Oct-24 Session- Feb25 Session),app to learn arabic,90,-,,,,,
,https://economymiddleeast.com/?p=92241,,,,,,,,,,,,,,,,
Top 25 safest airlines in the world in 2025,https://economymiddleeast.com/safest-airlines-world/,"Tue 4 Feb 2025, 9:07 AM",,0,0,0,0,167,-167 (Oct-24 Session- Feb25 Session),how to check gratuity in uae,30,-,,,,,
Navigating the UAE insurance market: Trends and insights for 2025,https://economymiddleeast.com/uae-insurance-market-trends-insights-2025/,"Thu 6 Feb 2025, 6:50 PM",,0,0,0,0,53,-53 (Oct-24 Session- Feb25 Session),miral abu dhabi,40,-,,,,,
UAE Golden visa for real estate investors: Comprehensive guide 2025,https://economymiddleeast.com/uae-golden-visa-real-estate-investors-guide-2025/,"Fri 7 Feb 2025, 6:12 PM",,0,0,0,0,117,-117 (Oct-24 Session- Feb25 Session),top 10 oil producing countries,100,-,,,,,
"The 10 most populated cities in the world: Rankings, trends and economic impact",https://economymiddleeast.com/10-most-populated-cities-in-the-world-rankings-trends-economic-impact/,"Tue 18 Feb 2025, 6:49 PM",,0,0,0,0,45,-45 (Oct-24 Session- Feb25 Session),gcc rail,60,-,,,,,
The 10 most expensive cars in the world in 2025,https://economymiddleeast.com/most-expensive-cars-in-the-world/,"Mon 10 Mar 2025, 11:32 AM",,0,0,0,0,9960,-9960 (Oct-24 Session- Feb25 Session),what is udb number in uae,1200,-,,,,,
Top 10 future yachts shaping the next wave of luxury in 2025: Prices and features,https://economymiddleeast.com/top-10-future-yachts-shaping-the-next-wave-of-luxury-in-2025-prices-and-features/,"Mon 24 Feb 2025, 9:31 AM",,0,0,0,0,30,-30 (Oct-24 Session- Feb25 Session),-,-,-,,,,,
The 10 largest cruise ships in the world in 2025,https://economymiddleeast.com/largest-cruise-ships-world/,"Wed 26 Feb 2025, 1:54 PM",,0,0,0,0,53,-53 (Oct-24 Session- Feb25 Session),dubai pr process,200,-,,,,,
Top 10 most expensive hotels in the world: Exploring the pinnacle of luxury and exclusivity,https://economymiddleeast.com/the-worlds-most-expensive-hotels-exploring-the-pinnacle-of-luxury-and-exclusivity/,"Fri 14 Mar 2025, 3:11 PM",,0,0,0,0,2,-2 (Oct-24 Session- Feb25 Session),how to apply saudi multiple entry visa for uae residents,30,-,,,,,
"Top 30 universities in the world 2025: Rankings, reputation and economic impact",https://economymiddleeast.com/top-30-universities-in-the-world-2025-rankings-reputation-economic-impact/,"Tue 4 Mar 2025, 7:02 PM",,0,0,0,0,0,0 (Oct-24 Session- Feb25 Session),uae travel ban update today,70,-,,,,,
VAT refunds Dubai: Ultimate guide to tax-free shopping,https://economymiddleeast.com/guide-vat-refunds-dubai/,"Tue 11 Mar 2025, 7:38 PM",,0,0,0,0,0,0 (Oct-24 Session- Feb25 Session),what is iban number in uae,800,-,,,,,