URL,Traffic,Traffic value,Keywords,Top keyword,Top keyword: Country,Top keyword: Volume,Top keyword: Position
https://economymiddleeast.com/safest-countries-world/,11933,362.34,1251,what is the safest country in the world,Canada,1400,1
https://economymiddleeast.com/hottest-countries-in-the-world/,2255,130.79,203,what is the hottest country in the world,Philippines,1700,7
https://economymiddleeast.com/most-expensive-cars-in-the-world/,1606,205.01,2926,most expensive car in the world,Tunisia,150,1
https://economymiddleeast.com/news/eid-al-fitr-2025-shawwal-crescent-unlikely-to-be-visible-on-march-29-in-the-arab-world/,981,716.31,12,eid al fitr 2025,United States,59000,3
https://economymiddleeast.com/the-10-most-expensive-cars-in-the-world-2025/,820,126.27,1084,what is the most expensive car in the world,Lebanon,150,1
https://economymiddleeast.com/most-visited-cities-in-the-world/,794,266.33,249,most visited city in the world,United States,3100,10
https://economymiddleeast.com/how-to-check-salary-uae/,734,323.53,188,dubai salary check,United Arab Emirates,600,1
https://economymiddleeast.com/most-visited-countries-in-the-world-a-global-tourism-ranking/,715,101.54,195,most visited countries in the world,Poland,200,3
https://economymiddleeast.com/how-to-check-emirates-id-fines/,696,105.64,422,abu dhabi police fine check by emirates id,United Arab Emirates,2800,7
https://economymiddleeast.com/how-to-get-labor-card-number/,689,83.41,287,how to get labour card number,United Arab Emirates,1200,4
https://economymiddleeast.com/how-to-calculate-uae-gratuity/,604,8.34,295,how to compute gratuity,United Arab Emirates,500,1
https://economymiddleeast.com/the-10-cleanest-countries-in-the-world/,563,267.39,65,what is the cleanest country in the world,Philippines,54000,20
https://economymiddleeast.com/how-to-apply-for-an-oman-visa-as-a-uae-resident/,540,108.52,197,oman visa for uae residents,United Arab Emirates,3200,4
https://economymiddleeast.com/largest-stadiums-in-the-world/,490,1.32,277,the biggest stadium in the world,Zimbabwe,80,1
https://economymiddleeast.com/how-to-check-saudi-iqama-status/,486,9.54,554,iqama check,Bangladesh,800,7
https://economymiddleeast.com/how-to-pay-iloe-fine-uae/,383,37.05,185,iloe fine payment,United Arab Emirates,3100,9
https://economymiddleeast.com/news/oil-prices-climb-to-71-32-amid-mideast-tensions-chinas-stimulus/,344,0.00,20,china stimulus,Canada,6700,1
https://economymiddleeast.com/uae-uid-number/,341,0.66,206,udb number uae,United Arab Emirates,150,1
https://economymiddleeast.com/overstay-fine-uae/,285,37.95,297,overstay fine in uae,United Arab Emirates,1500,12
https://economymiddleeast.com/neom-city-master-plan-saudi-arabia/,250,57.26,26,neom city master plan,Saudi Arabia,600,5
https://economymiddleeast.com/what-is-evg-in-uae-a-complete-guide/,238,29.99,62,evg traffic fine,United Arab Emirates,2500,11
https://economymiddleeast.com/worlds-longest-non-stop-airline-routes/,234,4.71,138,longest flight in the world,Singapore,900,9
https://economymiddleeast.com/icp-smart-services-uae/,219,118.20,171,icp smart service,United Arab Emirates,41000,20
https://economymiddleeast.com/10-largest-stadiums-in-the-world-by-capacity/,199,0.05,132,biggest stadium in the world,United Arab Emirates,300,5
https://economymiddleeast.com/uae-permanent-residency-visa/,192,184.86,247,dubai pr,United States,60,1
https://economymiddleeast.com/what-is-ratibi-card-in-uae-all-you-need-to-know/,187,105.00,39,ratibi card salary check,United Arab Emirates,7300,13
https://economymiddleeast.com/top-e-wallets-in-uae/,178,160.21,55,digital wallet uae,United Arab Emirates,150,1
https://economymiddleeast.com/uae-holidays-when-is-the-next-long-weekend-in-2024/,177,1.83,368,uae public holidays 2024,United Arab Emirates,62000,26
https://economymiddleeast.com/longest-highways-in-the-world/,174,0.01,118,longest highway in the world,Canada,1400,11
https://economymiddleeast.com/abu-dhabi-traffic-fines/,171,7.22,390,how much is the fine for crossing a red light in abu dhabi,United Arab Emirates,40,1
https://economymiddleeast.com/sharjah-traffic-fines/,169,55.50,184,sharjah traffic fines check,United Arab Emirates,7400,17
https://economymiddleeast.com/dubai-traffic-fines/,161,8.46,317,dubai traffic fine discount,United Arab Emirates,450,7
https://economymiddleeast.com/the-10-largest-air-forces-in-the-world/,161,0.01,170,largest air force in the world,United States,1000,10
https://economymiddleeast.com/top-20-busiest-airports-in-the-world/,159,13.02,372,world busiest airport,United Arab Emirates,250,9
https://economymiddleeast.com/,138,7.09,195,economy middle east,United Arab Emirates,150,1
https://economymiddleeast.com/gold-investment-pros-cons/,132,242.67,108,advantages and disadvantages of investing in gold,United States,150,1
https://economymiddleeast.com/news/march-30-expected-to-be-first-day-of-eid-al-fitr-2025-says-qatar/,105,6.92,96,what day is eid,United Kingdom,1700,8
https://economymiddleeast.com/news/uae-emirates-id-why-does-the-number-begin-with-784/,91,0.35,63,emirates id format,United Arab Emirates,70,1
https://economymiddleeast.com/news/etihad-airways-launches-three-weekly-flights-to-medan-indonesia/,87,0.47,220,zayed international airport,Malaysia,700,1
https://economymiddleeast.com/news/etihad-airways-burjeel-holdings-to-enhance-abu-dhabi-medical-tourism-sector/,86,26.60,63,etihad airways,United Kingdom,34000,3
https://economymiddleeast.com/safest-airlines-world/,79,40.54,51,safest airlines,Australia,800,9
https://economymiddleeast.com/news/dubai-introduces-new-mortgage-fee-extends-off-plan-property-registration-period-to-60-days-in-updated-laws/,76,83.23,3,off-plan property news,United Arab Emirates,1300,6
https://economymiddleeast.com/expensive-cars-uae/,73,17.65,25,most expensive car in uae,United Arab Emirates,100,1
https://economymiddleeast.com/uae-employment-visa-cancellation/,72,0.01,112,can i leave uae without cancelling visa,United Arab Emirates,150,1
https://economymiddleeast.com/highest-minimum-wages-countries-in-the-world/,63,0.87,71,highest minimum wage in the world,Australia,350,13
https://economymiddleeast.com/when-will-ramadan-start-in-uae/,59,0.09,343,ramadan working hours uae,United Arab Emirates,700,15
https://economymiddleeast.com/ar/news/%D8%A7%D9%84%D8%B3%D8%B9%D9%88%D8%AF%D9%8A%D8%A9-%D8%AA%D8%AD%D8%AF%D8%AF-%D8%AF%D9%88%D8%A7%D9%85-%D8%B1%D9%85%D8%B6%D8%A7%D9%86-2025/,56,0.00,210,دوام البنوك في رمضان,Saudi Arabia,3800,14
https://economymiddleeast.com/ar/news/%D8%A7%D9%84%D8%B4%D9%8A%D8%AE-%D8%AE%D8%A7%D9%84%D8%AF-%D9%8A%D8%AF%D8%B4%D9%91%D9%86-%D8%A7%D9%84%D9%85%D8%B1%D8%AD%D9%84%D8%A9-%D8%A7%D9%84%D8%A3%D9%88%D9%84%D9%89-%D9%85%D9%86-%D9%85%D8%B4%D8%B1/,55,4.11,19,مشروع شمال بني ياس,United Arab Emirates,900,9
https://economymiddleeast.com/oldest-countries-in-the-world/,55,0.34,134,oldest countries in the world,United Kingdom,800,14
https://economymiddleeast.com/check-gdrfa-status-dubai/,55,0.14,47,gdrfa application status,United Arab Emirates,3300,16
https://economymiddleeast.com/countries-with-longest-maternity-leave/,55,0.00,51,what country has the longest maternity leave,United States,150,5
https://economymiddleeast.com/the-50-most-valuable-sports-teams-in-2024/,54,30.80,217,most expensive sports team,United States,1200,16
https://economymiddleeast.com/most-expensive-stocks-in-the-world-by-share-price/,51,33.44,197,most expensive stock in the world,Canada,350,9
https://economymiddleeast.com/understanding-tin-number-in-uae-a-guide-to-tax-registration/,50,19.36,67,tin number uae,United Arab Emirates,500,11
https://economymiddleeast.com/the-smartest-countries-in-the-world-by-iq-level/,49,0.10,154,highest average iq country,Canada,90,9
https://economymiddleeast.com/news/uae-holiday-calendar-2025-when-next-long-weekend/,48,0.03,29,uae public holidays 2025,United Arab Emirates,21000,21
https://economymiddleeast.com/police-clearance-certificate-in-abu-dhabi-must-know-details/,47,1.85,41,abu dhabi police clearance,United Arab Emirates,400,12
https://economymiddleeast.com/news/fazaa-card-benefits-how-to-apply-uae/,47,16.75,76,fazaa card benefits,United Arab Emirates,1100,13
https://economymiddleeast.com/ar/news/%D8%A3%D8%B1%D8%A7%D8%B6%D9%8A-%D8%AF%D8%A8%D9%8A-%D9%85%D8%B4%D8%B1%D9%88%D8%B9-%D8%A7%D9%84%D8%AA%D8%B1%D9%85%D9%8A%D8%B2-%D8%A7%D9%84%D8%B9%D9%82%D8%A7%D8%B1%D9%8A/,47,2.83,14,dubai news,Saudi Arabia,500,1
https://economymiddleeast.com/news/uae-travel-ban-complete-guide-on-how-to-check-the-restrictions/,46,5.76,109,how to check travel ban in uae,United Arab Emirates,4200,21
https://economymiddleeast.com/what-is-the-esaad-card-in-dubai/,46,1.74,70,esaad card benefits,United Arab Emirates,700,12
https://economymiddleeast.com/most-diverse-countries-in-the-world/,45,0.00,115,most diverse countries in the world,United States,700,16
https://economymiddleeast.com/news/uae-national-day-places-to-visit-and-fireworks-to-watch-in-uae/,43,0.22,247,sharjah fireworks national day,United Arab Emirates,150,6
https://economymiddleeast.com/10-largest-asset-management-firms-in-the-world-in-2024-by-value-of-managed-assets/,43,45.26,193,top amc in world,India,90,11
https://economymiddleeast.com/news/huaweis-talent-development-program-boosts-digital-innovation/,42,0.59,3,huawei talent,Kenya,1000,17
https://economymiddleeast.com/how-to-renew-driving-license-in-uae/,42,8.27,122,uae driving license renewal,United Arab Emirates,800,16
https://economymiddleeast.com/top-international-schools-in-riyadh/,41,11.12,46,best international schools in riyadh,Saudi Arabia,250,9
https://economymiddleeast.com/what-is-ratibi-card-in-uae/,39,0.56,31,rabiti bank,United Arab Emirates,200,4
https://economymiddleeast.com/schengen-visa-guide-for-uae-residents/,37,8.27,168,schengen visa requirements for uae residents,United Arab Emirates,200,7
https://economymiddleeast.com/outstanding-schools-dubai-khda/,36,16.83,131,outstanding schools in dubai,United Arab Emirates,250,6
https://economymiddleeast.com/news/exclusive-interview-with-rakan-turki-ceo-of-lamborghini-abu-dhabi-dubai/,36,0.01,4,rakan turki,United Arab Emirates,100,1
https://economymiddleeast.com/ar/news/%D8%A3%D9%81%D8%B6%D9%84-%D8%A7%D9%84%D9%85%D8%AF%D8%A7%D8%B1%D8%B3-%D8%A7%D9%84%D8%B9%D8%A7%D9%84%D9%85%D9%8A%D8%A9-%D9%81%D9%8A-%D8%A7%D9%84%D8%B1%D9%8A%D8%A7%D8%B6/,35,13.21,94,افضل مدارس الرياض,Saudi Arabia,300,11
https://economymiddleeast.com/invest-in-dubai-real-estate/,35,60.29,105,investment in dubai real estate,United States,1400,13
https://economymiddleeast.com/uae-visa-status-check/,34,3.80,602,uae residence visa status,United Arab Emirates,150,12
https://economymiddleeast.com/the-freest-country-in-the-world-2024/,33,85.47,76,what is the freest country in the world,United States,900,12
https://economymiddleeast.com/biggest-companies-in-the-world/,31,5.69,410,top 10 richest company in the world,United States,1900,25
https://economymiddleeast.com/healthiest-countries-in-the-world/,30,8.98,82,healthiest country in the world,India,900,14
https://economymiddleeast.com/upcoming-uae-megaprojects/,29,3.25,108,upcoming projects in uae 2023,United Kingdom,30,6
https://economymiddleeast.com/news/dubai-rental-index-update-key-changes-renters-landlords-must-know/,29,16.50,33,dubai rental index,United Arab Emirates,900,12
https://economymiddleeast.com/how-to-get-japan-evisa-uae/,28,6.49,83,japan visa requirements for uae residents,United Arab Emirates,350,12
https://economymiddleeast.com/ar/news/%D8%A7%D9%84%D9%83%D9%88%D9%8A%D8%AA-%D8%AA%D8%B5%D8%A8%D9%88-%D8%A5%D9%84%D9%89-%D8%A2%D9%81%D8%A7%D9%82-%D9%87%D9%86%D8%AF%D8%B3%D9%8A%D8%A9-%D8%AC%D8%AF%D9%8A%D8%AF%D8%A9-%D8%A8%D8%A8%D8%B1%D8%AC/,28,,12,اطول برج بالكويت,Kuwait,200,7
https://economymiddleeast.com/news/linkedin/,27,0.61,26,linkedin premium cost dubai,United Arab Emirates,250,7
https://economymiddleeast.com/news/eid-al-fitr-2024-holiday-dates-in-uae-saudi-arabia-other-gcc-states/,27,0.04,207,eid holidays april 2024,United Arab Emirates,150,9
https://economymiddleeast.com/news/revamp-your-scroll-discover-how-to-reset-your-instagram-algorithm-for-a-fresh-feed/,26,0.37,118,how to reset instagram explore page,Canada,500,18
https://economymiddleeast.com/top-gold-producer-countries/,26,26.98,152,top 20 gold producing countries,India,400,16
https://economymiddleeast.com/news/eid-al-adha-2024-holidays-in-uae-private-public-sector-leaves-announced/,26,0.36,107,eid al adha 2024 uae,United Arab Emirates,4300,18
https://economymiddleeast.com/how-to-invest-in-gold/,25,14.05,34,how to invest in gold in uae,United States,80,6
https://economymiddleeast.com/what-is-hafilat-smart-card/,25,2.30,92,hafilat card minimum balance,United Arab Emirates,350,14
https://economymiddleeast.com/ar/,24,0.03,12,ايكونومي,Saudi Arabia,200,4
https://economymiddleeast.com/uae-green-visa-process/,24,8.50,57,green visa,United Arab Emirates,450,18
https://economymiddleeast.com/top-international-schools-in-qatar/,23,6.01,76,top 10 best schools in qatar,Qatar,100,8
https://economymiddleeast.com/how-to-subscribe-to-uae-iloe-scheme/,23,0.82,171,how to register in iloe,United Arab Emirates,70,4
https://economymiddleeast.com/poorest-countries-in-the-world-by-gdp-per-capita/,22,14.06,222,poor country in the world 2024,India,2900,22
https://economymiddleeast.com/ar/news/%D8%B9%D9%8A%D8%AF-%D8%A7%D9%84%D9%81%D8%B7%D8%B1-%D8%B9%D8%B7%D9%84%D8%A9-%D8%A7%D9%84%D9%82%D8%B7%D8%A7%D8%B9-%D8%A7%D9%84%D8%AE%D8%A7%D8%B5-%D8%A7%D9%84%D8%A5%D9%85%D8%A7%D8%B1%D8%A7%D8%AA/,22,0.09,27,عطلة رسمية,United Arab Emirates,5900,19
https://economymiddleeast.com/news/interview-with-muhammad-binghatti-chairman-binghatti-holding/,21,2.63,7,muhammad binghatti,United States,1800,16
https://economymiddleeast.com/uae-drivers-license-benefits-and-countries-that-recognize-it/,20,0.80,99,benefits of uae driving license,United Arab Emirates,50,3
https://economymiddleeast.com/news/saudi-arabia-best-places-to-watch-eid-al-fitr-fireworks-in-2025/,20,5.46,56,fireworks news,United States,60,1
https://economymiddleeast.com/ar/news/%D8%B3%D9%8A%D8%A8%D8%AF%D8%A3-%D8%A8%D9%86%D8%A7%D8%A4%D9%87-%D9%81%D9%8A-2024-%D8%A8%D8%B1%D8%AC-%D8%AE%D9%88%D8%B1-%D8%AF%D8%A8%D9%8A-%D8%AC%D8%A7%D8%B1%D9%8D-%D8%B9%D9%84%D9%89-%D8%A5%D8%B9%D8%A7/,20,1.53,16,برج خور دبي,United Arab Emirates,500,14
https://economymiddleeast.com/how-to-monetize-instagram/,20,1.20,40,how to monetize instagram,United Arab Emirates,200,7
https://economymiddleeast.com/largest-tech-companies-in-the-world-by-market-cap-in-2024/,18,25.42,80,biggest tech companies,United States,1800,11
